,EXT_ID,WalmartReceipt,PredictionScore
0,58ab4fc9e4b08c6e1ec0a94d,False,4.309346043400562e-06
1,58bdf93de4b0d23e37738fbc,False,2.1091819581272223e-06
2,58bd6df3e4b0d23e377385c6,False,1.0000000994736041e-07
3,58bca5c1e4b0d23e37737e33,False,4.3136315235752325e-06
4,58924c43e4b018a8bfc287fa,False,1.9176839444967192e-06
5,58bc69a0e4b0d23e377376d8,False,1.0000000994736041e-07
6,58bc3df1e4b0d23e37737191,False,5.476395408634367e-07
7,58a0c72ae4b0314ab22f9849,False,1.6417706836033812e-07
8,58a8b522e4b0fe09880452f1,False,1.0000000994736041e-07
9,58bc2ac7e4b0d23e37736f03,False,1.0000000994736041e-07
10,58bc1cb6e4b0d23e37736d43,False,3.1249762550914334e-07
11,58bc4a95e4b0d23e37737312,False,1.0000000994736041e-07
12,58b98a0ce4b0d23e377354d1,False,1.3457094195804407e-07
13,58ba1feee4b0d23e37735ac6,False,2.35637670945037e-07
14,58990eefe4b05f998de95db2,False,1.0000000994736041e-07
15,58bb08a3e4b0d23e3773615c,False,3.3350921489531386e-07
16,587194fee4b0e80f9e3c2517,False,1.8015622086805744e-07
17,58bad6b4e4b0d23e37735cd1,False,1.0000000994736041e-07
18,58bccd5fe4b0d23e377381d4,False,2.516478643682509e-07
19,589f541ce4b0314ab22f95ef,False,1.0000000994736041e-07
20,58b6d994e4b0d23e37734e7c,False,1.0000000994736041e-07
21,587fcc5fe4b03e3ebfd77f00,False,0.00021358008976100389
22,58b61e0ee4b0d23e37734d43,False,1.0000000994736041e-07
23,58a8cb3be4b0fe0988045343,False,1.0000000994736041e-07
24,58b07ef6e4b05f7a051930e8,False,4.315403962410346e-06
25,589e4181e4b0314ab22f94c6,False,1.0000000994736041e-07
26,58bc460be4b0d23e37737274,False,7.517873134802928e-07
27,58bcc76ee4b0d23e3773815f,False,1.0000000994736041e-07
28,58ae8c80e4b068eafab0c759,False,1.0000000994736041e-07
29,58b8b6bfe4b0d23e37735383,False,1.0000000994736041e-07
30,58b8bbe0e4b0d23e3773539a,False,2.656726277144967e-06
31,58a9faece4b0fe09880454c9,False,2.553790015496532e-07
32,587fdd1be4b03e3ebfd77f0a,False,1.0000000994736041e-07
33,588c1973e4b090cf9c5a45b5,False,1.8061687743616234e-07
34,5878179fe4b0d1a74fe8d43c,False,0.0009483282412945466
35,58925e29e4b018a8bfc2881c,False,9.515345721913105e-05
36,586f339de4b0e80f9e3c2420,True,0.060841291018448374
37,589e11fce4b0314ab22f944e,False,1.0000000994736041e-07
38,586d862fe4b00ce8c12e99f4,False,1.734704443887287e-06
39,58cf4977e4b06d16e3cd853b,False,4.324069940827238e-06
40,58bc4159e4b0d23e377371dc,False,4.311906146396026e-06
41,58badd18e4b0d23e37735d6f,False,1.0000000994736041e-07
42,58cf1e49e4b06d16e3cd83e6,False,1.0000000994736041e-07
43,58b4d8b2e4b0d23e37734ae1,False,1.3132687100421492e-06
44,58a1047be4b0314ab22f9974,False,1.0000000994736041e-07
45,58a4cf2ae4b0314ab22f9d87,False,1.0000000994736041e-07
46,58a237b3e4b0314ab22f9ac9,False,1.0000000994736041e-07
47,58bdea6ce4b0d23e37738e77,False,1.0000000994736041e-07
48,58cef5f5e4b06d16e3cd81b7,False,1.0000000994736041e-07
49,58cc5a84e4b06d16e3cd6ee2,False,1.0000000994736041e-07
50,58bdc009e4b0d23e37738b1f,False,1.0000000994736041e-07
51,58bcc05ae4b0d23e377380d2,False,4.319525718742528e-06
52,58c36fd2e4b06d16e3cd2cdc,False,1.0000000994736041e-07
53,58bcb441e4b0d23e37737fbd,False,6.373339595701623e-07
54,58bde956e4b0d23e37738e50,False,4.318071666295002e-06
55,58bdd94fe4b0d23e37738d13,False,2.7238250924356486e-07
56,58beba96e4b0d23e377394b2,False,1.0000000994736041e-07
57,58be17dde4b0d23e37739201,False,1.0000000994736041e-07
58,58ceda98e4b06d16e3cd8014,False,1.0000000994736041e-07
59,58be34c2e4b0d23e37739355,False,1.0000000994736041e-07
60,58bc48c5e4b0d23e377372cd,False,1.3239156014519373e-07
61,58baf4bce4b0d23e37735fc2,False,1.0000000994736041e-07
62,58bea036e4b0d23e37739410,False,1.0000000994736041e-07
63,58ab8a51e4b08c6e1ec0a9d5,False,1.0000000994736041e-07
64,58bc743ce4b0d23e37737834,False,2.6026123899495606e-06
65,58bc37b1e4b0d23e377370c6,False,4.317762957901505e-06
66,58c0ad8ce4b0d23e3773a719,False,3.07624896264947e-07
67,58bc4736e4b0d23e377372a1,False,4.296333306999022e-06
68,58bc73cae4b0d23e37737828,False,1.0000000994736041e-07
69,58bcc0dae4b0d23e377380da,False,1.0316412567125038e-07
70,58701a75e4b0e80f9e3c24ac,False,1.0000000994736041e-07
71,58bd6f39e4b0d23e377385d9,False,1.0000000994736041e-07
72,58be1a1be4b0d23e37739223,False,1.0000000994736041e-07
73,58bc95fee4b0d23e37737c77,False,1.0000000994736041e-07
74,58bad980e4b0d23e37735d07,False,4.298885653954158e-06
75,58bc90f5e4b0d23e37737bd6,False,1.0000000994736041e-07
76,58b98a29e4b0d23e377354d2,False,4.3143914588072595e-06
77,58bc7f3ae4b0d23e377379af,False,1.0000000994736041e-07
78,58aa1c0fe4b0fe098804551d,False,2.407940631613202e-07
79,589f1f7ce4b0314ab22f957a,False,4.304877923341269e-06
80,58a4f299e4b0314ab22f9dc0,False,1.0000000994736041e-07
81,58ace5f8e4b08c6e1ec0abea,False,4.314945843577408e-06
82,5894bc98e4b05f998de9580a,False,1.0000000994736041e-07
83,58af84e5e4b068eafab0c886,False,1.0000000994736041e-07
84,58a9b6f6e4b0fe0988045435,False,2.438817059116076e-07
85,58bc3aeee4b0d23e37737141,False,4.331847428631318e-06
86,58bca681e4b0d23e37737e45,False,1.2208461419382501e-06
87,58bc3ba1e4b0d23e37737151,False,4.312254746886509e-06
88,58963462e4b05f998de959d5,False,1.2814143146479482e-06
89,58be0190e4b0d23e3773908c,False,1.0000000994736041e-07
90,588a3873e4b090cf9c5a4457,False,1.0000000994736041e-07
91,58bc347ae4b0d23e3773705f,False,4.3017780591650395e-06
92,589d0de3e4b0314ab22f9316,False,1.0000000994736041e-07
93,58bdd3d1e4b0d23e37738c96,False,4.314682479305885e-06
94,58bae350e4b0d23e37735e0b,False,1.0000000994736041e-07
95,58bc87d7e4b0d23e37737abf,False,1.0000000994736041e-07
96,5894b302e4b05f998de957fc,False,1.0000000994736041e-07
97,58aa2fd7e4b0fe0988045531,False,4.3150323778822655e-06
98,58b58df1e4b0d23e37734bb0,False,6.435330570853347e-07
99,58bafad7e4b0d23e37736047,False,1.0000000994736041e-07
100,588b93f2e4b090cf9c5a4534,False,1.0000000994736041e-07
101,58bc0d99e4b0d23e37736bc5,False,1.6792703783054748e-07
102,58ba4682e4b0d23e37735b6b,True,0.09585102635107577
103,58bc3b18e4b0d23e37737146,False,1.0000000994736041e-07
104,58bafcc6e4b0d23e3773607c,False,1.0000000994736041e-07
105,58bc56f9e4b0d23e3773749c,False,4.313949300679154e-06
106,58bc1144e4b0d23e37736c0b,False,1.2033446505550232e-06
107,5894b172e4b05f998de957f5,False,4.308378660994511e-06
108,58b9d3eae4b0d23e377357f7,False,1.0000000994736041e-07
109,58bc0826e4b0d23e37736b7a,False,4.303173585987832e-06
110,58bc3815e4b0d23e377370d4,False,1.0000000994736041e-07
111,5890f4c5e4b090cf9c5a48e8,False,4.3214903316485e-06
112,58bbfb62e4b0d23e37736b43,False,7.194696279228396e-07
113,58bc289de4b0d23e37736ec0,False,4.312779111186815e-06
114,5897907ce4b05f998de95c04,False,0.0006818293950456227
115,58bc0c4ae4b0d23e37736bab,False,4.308668641645792e-06
116,58be0321e4b0d23e3773909e,False,1.0000000994736041e-07
117,58ba3cbfe4b0d23e37735b4f,False,4.299564404961317e-06
118,587c0deee4b0d1a74fe8d656,False,1.0000000994736041e-07
119,58bc533ce4b0d23e37737413,False,4.323727216567755e-06
120,58cf492ee4b06d16e3cd8537,False,4.29614787906485e-06
121,58babc60e4b0d23e37735c0b,False,2.5588013927072265e-07
122,58bb40bfe4b0d23e377365f3,False,4.3061648880777035e-06
123,58a0d138e4b0314ab22f9875,False,1.0000000994736041e-07
124,58bb303be4b0d23e377364aa,False,2.5454604553152055e-07
125,58bc7a2fe4b0d23e377378fb,False,1.0000000994736041e-07
126,58bb188ce4b0d23e377362cb,False,1.0000000994736041e-07
127,58bb0a94e4b0d23e37736191,False,1.0000000994736041e-07
128,58bc2345e4b0d23e37736e07,False,3.716520670038322e-06
129,58bb0527e4b0d23e37736105,False,1.0000000994736041e-07
130,58baf8e8e4b0d23e37736020,False,4.314620814655527e-06
131,58bc7f45e4b0d23e377379b5,False,1.0000000994736041e-07
132,58b9b814e4b0d23e3773563e,False,3.3244498907385448e-06
133,58acdbf8e4b08c6e1ec0abd4,False,4.1373902102663103e-07
134,589d0fdae4b0314ab22f9321,False,1.0000000994736041e-07
135,58bc3c73e4b0d23e37737160,False,7.646204962502984e-07
136,58baeec9e4b0d23e37735f06,False,1.0000000994736041e-07
137,58baeae3e4b0d23e37735eac,False,1.5722596921720481e-06
138,58baeba0e4b0d23e37735eb9,False,1.0000000994736041e-07
139,58bae265e4b0d23e37735df2,False,4.313671295548778e-06
140,58bc6bece4b0d23e37737728,False,4.303084413550372e-06
141,58bc8bdce4b0d23e37737b4a,False,1.0000000994736041e-07
142,58bc7c1ee4b0d23e3773792f,False,1.0000000994736041e-07
143,58bb429de4b0d23e3773660f,False,1.0000000994736041e-07
144,58ba13ffe4b0d23e37735a56,False,1.8566833420745665e-07
145,58bc554be4b0d23e3773744e,False,1.0000000994736041e-07
146,58bb4a1ae4b0d23e37736673,False,1.0000000994736041e-07
147,58b9bedde4b0d23e377356c5,False,4.313790823967952e-06
148,58b9d2ffe4b0d23e377357e4,False,2.5644555394237954e-07
149,58b9c7e7e4b0d23e37735744,False,1.0000000994736041e-07
150,58badb4be4b0d23e37735d34,False,1.4671744862236748e-07
151,58b9b87ce4b0d23e37735647,False,1.0000000994736041e-07
152,58b1bed3e4b0eec3bce00225,False,1.0000000994736041e-07
153,58b9b3ece4b0d23e3773560a,False,2.520497129030482e-07
154,58bb7d6ae4b0d23e377369b0,False,5.01778866440105e-07
155,58b9b3bfe4b0d23e37735604,False,1.0000000994736041e-07
156,58ba2d43e4b0d23e37735b12,False,1.8129045253828073e-06
157,58b991aee4b0d23e377354ea,False,1.0000000994736041e-07
158,58b82adee4b0d23e377351bc,False,1.0000000994736041e-07
159,58b96cc1e4b0d23e37735488,False,7.389907501349175e-07
160,58a72849e4b0fe09880450dd,False,1.0675054525267459e-07
161,58bc3028e4b0d23e37736fb4,False,1.6889562592233796e-07
162,5889339fe4b05f73db077a61,False,1.613879038406152e-06
163,58bc4142e4b0d23e377371d8,False,4.325313248712579e-06
164,58bb369be4b0d23e3773652f,False,1.8131945457600857e-07
165,58b6963de4b0d23e37734e05,False,4.310327533423046e-06
166,58b4df40e4b0d23e37734afd,False,9.459082215365079e-07
167,58b97360e4b0d23e37735495,False,1.0000000994736041e-07
168,58bc4608e4b0d23e37737272,False,1.0007417030672997e-07
169,58b83d8be4b0d23e377351ee,False,1.0000000994736041e-07
170,58b48c24e4b0d23e377349d8,False,1.099284154063289e-05
171,58b2f868e4b0eec3bce00465,False,4.309489349448105e-06
172,58b344bae4b0eec3bce0057a,False,2.495291449028262e-05
173,58b9fb75e4b0d23e3773594d,False,1.0000000994736041e-07
174,58b2e47de4b0eec3bce0043a,False,1.0000000994736041e-07
175,58b1f1aae4b0eec3bce002c8,False,4.304382460956895e-06
176,588b8763e4b090cf9c5a452c,False,1.0000000994736041e-07
177,58bb40bce4b0d23e377365f2,False,1.0000000994736041e-07
178,58b21718e4b0eec3bce00354,False,1.0000000994736041e-07
179,58b44040e4b0eec3bce00780,False,4.314260679401757e-06
180,58bc2adce4b0d23e37736f06,False,1.0000000994736041e-07
181,58af514ce4b068eafab0c81b,False,1.0000000994736041e-07
182,58a617dce4b0314ab22f9eed,False,1.0000000994736041e-07
183,58bc55cbe4b0d23e37737466,False,1.0000000994736041e-07
184,588ff611e4b090cf9c5a487c,False,1.0000000994736041e-07
185,58889482e4b05f73db077a1a,False,4.2165001894184847e-07
186,58a746a5e4b0fe0988045106,False,1.0000000994736041e-07
187,58af4a6fe4b068eafab0c813,False,1.0000000994736041e-07
188,58799e4ce4b0d1a74fe8d527,False,4.435097298714811e-06
189,589fadfde4b0314ab22f96b7,False,4.304156278491109e-06
190,58bd4c1ee4b0d23e37738459,False,1.0000000994736041e-07
191,58a0df9ee4b0314ab22f990d,False,1.0000000994736041e-07
192,58b8bd59e4b0d23e377353a1,False,1.0000000994736041e-07
193,58ab6ae8e4b08c6e1ec0a97f,False,1.0000000994736041e-07
194,58a3b697e4b0314ab22f9c66,False,1.203899719412991e-07
195,58a60a3ee4b0314ab22f9eb8,False,1.0000000994736041e-07
196,58a62a18e4b0314ab22f9f04,False,1.0000000994736041e-07
197,58bb5550e4b0d23e37736710,False,1.0000000994736041e-07
198,58a23e9fe4b0314ab22f9ad2,False,4.319915957624415e-06
199,5871a2d5e4b0e80f9e3c251c,False,1.0000000994736041e-07
200,5899d228e4b05f998de95ea3,False,1.0000000994736041e-07
201,587bdbb3e4b0d1a74fe8d636,False,2.363749820610518e-07
202,58bc72fde4b0d23e37737816,False,1.509524234063006e-05
203,58b0b70be4b05f7a0519318d,False,4.3117802202619566e-06
204,589b5c0be4b05f998de96081,False,9.657446704148494e-07
205,589fb03ce4b0314ab22f96b9,False,3.2265288815997455e-05
206,58768190e4b0087d2c8a0706,False,4.314517930066198e-06
207,589eca29e4b0314ab22f9536,False,1.0000000994736041e-07
208,589eca68e4b0314ab22f9539,False,1.0000000994736041e-07
209,58a38adbe4b0314ab22f9c27,False,1.1347304606810319e-07
210,58a457cbe4b0314ab22f9cce,False,1.0000000994736041e-07
211,589f293ce4b0314ab22f958a,False,1.0000000994736041e-07
212,58badc84e4b0d23e37735d63,False,1.0000000994736041e-07
213,58a85948e4b0fe098804522e,False,4.588714929821871e-06
214,588e38fde4b090cf9c5a46cc,False,1.0000000994736041e-07
215,589634c5e4b05f998de959da,False,8.679214968917771e-07
216,58b0a1d6e4b05f7a05193141,False,1.0000000994736041e-07
217,58b9fb43e4b0d23e3773594b,False,1.0000000994736041e-07
218,589b960be4b05f998de960b0,False,1.0000000994736041e-07
219,58b0cb3fe4b0eec3bce00104,False,1.0000000994736041e-07
220,58b19fc5e4b0eec3bce001cd,False,1.0000000994736041e-07
221,589b5e87e4b05f998de96084,False,1.0000000994736041e-07
222,58b306d3e4b0eec3bce0048d,False,1.0000000994736041e-07
223,58a5ee24e4b0314ab22f9e81,False,8.93084824994192e-07
224,5894b9e6e4b05f998de95807,False,1.0000000994736041e-07
225,587a99cce4b0d1a74fe8d5b7,False,0.0002635898460395406
226,58a3404de4b0314ab22f9bc6,False,1.0000000994736041e-07
227,5878efe6e4b0d1a74fe8d494,False,1.0000000994736041e-07
228,58963d36e4b05f998de959f9,False,1.0000000994736041e-07
229,58a0cdfee4b0314ab22f985f,False,1.0000000994736041e-07
230,5897aaf1e4b05f998de95c2c,False,1.0000000994736041e-07
231,586f3181e4b0e80f9e3c241a,False,1.0325765087815045e-07
232,588fa6a8e4b090cf9c5a47f6,False,1.0000000994736041e-07
233,58a0081ae4b0314ab22f976a,False,1.0000000994736041e-07
234,5897a418e4b05f998de95c21,False,6.135402576637335e-07
235,58acb844e4b08c6e1ec0ab5a,False,1.0000000994736041e-07
236,58993fe9e4b05f998de95e33,False,1.0000000994736041e-07
237,589e145de4b0314ab22f9457,False,1.0000000994736041e-07
238,5896111ae4b05f998de9596e,False,1.0000000994736041e-07
239,58a0a29be4b0314ab22f97f1,False,1.0000000994736041e-07
240,58acdb86e4b08c6e1ec0abd1,False,1.0000000994736041e-07
241,586f31f8e4b0e80f9e3c241e,False,1.0000000994736041e-07
242,5893a7ebe4b018a8bfc288dd,False,1.0000000994736041e-07
243,588794dee4b05f73db077971,False,1.0000000994736041e-07
244,58ad1291e4b08c6e1ec0ac4a,False,1.0000000994736041e-07
245,588fc26ce4b090cf9c5a4826,False,4.308463545048508e-06
246,58b1f23be4b0eec3bce002ce,False,1.0000000994736041e-07
247,58af6523e4b068eafab0c831,False,1.0000000994736041e-07
248,58975d09e4b05f998de95b87,False,2.709684184079548e-07
249,58912b08e4b090cf9c5a4935,False,4.312407075906249e-06
250,58a5ebefe4b0314ab22f9e74,False,2.374704188773454e-07
251,58aa110ee4b0fe09880454f4,False,4.315785364503601e-06
252,58b615c3e4b0d23e37734d02,False,1.0000000994736041e-07
253,588deb0ae4b090cf9c5a4692,False,1.0000000994736041e-07
254,588bed0be4b090cf9c5a4599,False,4.902992627747282e-07
255,58880f3ee4b05f73db0779e1,False,1.9881711205651867e-06
256,5871de3de4b0e80f9e3c2539,False,1.0000000994736041e-07
257,586f31a4e4b0e80f9e3c241b,False,1.0000000994736041e-07
258,58867a56e4b05f73db0778bb,False,1.2811265890741185e-07
259,5878274ae4b0d1a74fe8d44d,False,2.3953218408383456e-06
260,58b8febfe4b0d23e3773545d,False,1.0000000994736041e-07
261,58a75909e4b0fe0988045129,False,1.0000000994736041e-07
262,587d8eeae4b068f9da392965,False,1.0000000994736041e-07
263,58b5ee78e4b0d23e37734c87,False,4.315863119422214e-06
264,58bafedfe4b0d23e377360b5,False,4.311665880626331e-06
265,5877f8a7e4b0d1a74fe8d423,False,4.3017163587667834e-06
266,58892cbbe4b05f73db077a58,False,1.6052623868094637e-06
267,589b87dae4b05f998de960a7,False,1.0000000994736041e-07
268,587e16ece4b068f9da39297d,False,1.0000000994736041e-07
269,586f1ff9e4b0e80f9e3c2410,False,1.0000000994736041e-07
270,5897bb41e4b05f998de95c61,False,1.0000000994736041e-07
271,5883fa8ae4b04c4484df0789,False,4.319369347585716e-06
272,586c5e93e4b00ce8c12e99b9,False,1.0000000994736041e-07
273,58bc44c6e4b0d23e3773724d,False,2.3733589320060041e-07
274,586d443ae4b00ce8c12e99e8,False,1.0000000994736041e-07
275,58b38daee4b0eec3bce0065c,False,1.0000000994736041e-07
276,58716637e4b0e80f9e3c2504,False,1.0000000994736041e-07
277,58b06c82e4b05f7a051930cc,False,3.043603225430219e-07
278,58a0ad0be4b0314ab22f9813,False,1.0000000994736041e-07
279,58abad39e4b08c6e1ec0aa20,False,1.828215201508854e-07
280,586d437fe4b00ce8c12e99e3,False,1.0000000994736041e-07
281,5898f94de4b05f998de95d86,False,1.3393445192632636e-07
282,588e08e4e4b090cf9c5a46a2,False,1.0000000994736041e-07
283,589cb4a8e4b0314ab22f9275,False,1.865298526942422e-06
284,5894da65e4b05f998de9582b,False,4.316333233320117e-06
285,5871e504e4b0e80f9e3c253c,False,1.0000000994736041e-07
286,58901bcde4b090cf9c5a489d,False,3.471100389820413e-06
287,587f8936e4b03e3ebfd77ed8,False,4.312388195956796e-06
288,58b877cce4b0d23e37735297,False,1.0000000994736041e-07
289,589511eae4b05f998de95879,False,1.0000000994736041e-07
290,58bcf699e4b0d23e377383c4,False,2.915701939586783e-07
291,58968005e4b05f998de95ab1,False,1.0000000994736041e-07
292,58b9d42de4b0d23e377357fd,False,1.0000000994736041e-07
293,5889332ce4b05f73db077a5c,False,1.0000000994736041e-07
294,58b20d0be4b0eec3bce00341,False,4.314360980035669e-06
295,58bad8ede4b0d23e37735cf7,False,2.558518005914727e-07
296,58bc581de4b0d23e377374be,False,3.243537832846028e-06
297,58bcc5f5e4b0d23e37738140,False,1.0000000994736041e-07
298,58b4d248e4b0d23e37734ac9,False,1.0000000994736041e-07
299,58b73c4ae4b0d23e37734fb2,False,1.0000000994736041e-07
300,58af219ee4b068eafab0c7cb,False,1.0000000994736041e-07
301,589d262de4b0314ab22f9353,False,1.4897000387571986e-07
302,587cea46e4b0d1a74fe8d6d5,False,1.0000000994736041e-07
303,58bb63efe4b0d23e37736817,False,1.0000000994736041e-07
304,58a249d4e4b0314ab22f9aea,False,3.9687497374244245e-07
305,58a2175de4b0314ab22f9a7a,False,0.0001712948033357515
306,58797648e4b0d1a74fe8d502,False,1.0000000994736041e-07
307,58960e94e4b05f998de9595e,False,3.005469901401792e-07
308,58af63bbe4b068eafab0c82e,False,1.1492070547977694e-06
309,58992400e4b05f998de95de2,False,1.0000000994736041e-07
310,58a7c571e4b0fe09880451ca,False,0.00012093268724043485
311,58bc970be4b0d23e37737c99,False,4.303890009523768e-06
312,58d5d179e4b06d16e3cdb114,False,1.0000000994736041e-07
313,58bae229e4b0d23e37735deb,False,4.314652278647545e-06
314,58baefdee4b0d23e37735f3a,False,4.318382919341842e-06
315,58be0ef4e4b0d23e37739168,False,1.0000000994736041e-07
316,589de582e4b0314ab22f93d3,False,1.0000000994736041e-07
317,5889574ee4b05f73db077a7b,False,4.315381579676906e-06
318,58bc6047e4b0d23e377375c7,False,4.915693778137266e-07
319,58bb6b0ce4b0d23e37736889,False,4.315537841807632e-06
320,58925ae5e4b018a8bfc28816,False,4.317496647626266e-06
321,588a5f06e4b090cf9c5a447c,False,1.0000000994736041e-07
322,588cd80ee4b090cf9c5a45f6,False,1.0000000994736041e-07
323,5882c9c6e4b04c4484df06d1,False,1.0000000994736041e-07
324,58b888bce4b0d23e377352db,False,1.0000000994736041e-07
325,58bc85cae4b0d23e37737a81,False,2.4400015966069905e-07
326,58b4e186e4b0d23e37734b04,False,1.0000000994736041e-07
327,58b0ad20e4b05f7a0519315d,False,4.634289146252534e-07
328,58ab413fe4b08c6e1ec0a929,False,2.645785690002325e-07
329,58be0ca6e4b0d23e3773914a,False,1.0000000994736041e-07
330,5872accfe4b0e80f9e3c256b,False,1.6208349111352236e-06
331,586fc847e4b0e80f9e3c243b,False,1.1679982313305312e-07
332,58b4d30be4b0d23e37734ad2,False,3.4891856399395516e-07
333,58be0eb8e4b0d23e37739164,False,4.3132409983692635e-06
334,58bdf800e4b0d23e37738f98,False,4.094689925944895e-06
335,58bdd5f4e4b0d23e37738cc5,False,4.311523328204053e-06
336,58bdb316e4b0d23e37738a05,False,1.0000000994736041e-07
337,58bc238ee4b0d23e37736e0f,False,4.311569732373899e-06
338,58bb2fb5e4b0d23e377364a1,False,1.0000000994736041e-07
339,58bb4e24e4b0d23e377366aa,False,1.0000000994736041e-07
340,58b989bbe4b0d23e377354cf,False,2.5453422808958583e-07
341,58b63606e4b0d23e37734d8a,False,1.0000000994736041e-07
342,58b61e6fe4b0d23e37734d45,False,1.0000000994736041e-07
343,589bcb39e4b05f998de9612b,False,2.2490729474502127e-07
344,58bcd531e4b0d23e37738289,False,1.0000000994736041e-07
345,58b75326e4b0d23e37734ffc,False,1.440187917613881e-07
346,58ac97d9e4b08c6e1ec0ab2d,False,4.331987939119515e-06
347,58a21731e4b0314ab22f9a78,False,4.312217972319048e-06
348,58aa31e2e4b0fe0988045538,False,4.312300436954816e-06
349,589ab965e4b05f998de95fec,False,1.0000000994736041e-07
350,589bd952e4b05f998de96133,False,1.0000000994736041e-07
351,58a712d7e4b0fe09880450c2,False,4.328552319775762e-06
352,58ace2d8e4b08c6e1ec0abe1,False,1.0000000994736041e-07
353,5893bfb4e4b05f998de9571d,False,1.223852589940016e-06
354,587a8241e4b0d1a74fe8d5a6,False,6.383514814915071e-07
355,58929366e4b018a8bfc2884a,False,8.244466605271453e-07
356,588b6ce1e4b090cf9c5a451e,False,2.3527948318566174e-07
357,5887e0aae4b05f73db0779ab,False,9.403261209950018e-07
358,588e231ae4b090cf9c5a46ab,False,1.3416014250507813e-06
359,587fdd6fe4b03e3ebfd77f0c,False,4.301861749051757e-06
360,587aa072e4b0d1a74fe8d5c2,False,1.0000000994736041e-07
361,5873e01ae4b0087d2c8a0640,False,2.1049913657783225e-07
362,586979f6e4b09266b0cab363,False,1.0000000994736041e-07
363,589000b6e4b090cf9c5a4884,False,4.300492094426373e-06
364,588a24cbe4b090cf9c5a443c,False,1.0000000994736041e-07
365,5871b4fde4b0e80f9e3c2523,False,7.643312334162155e-07
366,58bddc93e4b0d23e37738d4a,False,1.0000000994736041e-07
367,58be24bee4b0d23e37739295,False,2.0380427272491555e-06
368,5892b265e4b018a8bfc2886a,False,7.830366810186725e-07
369,58bc4450e4b0d23e37737238,False,4.314073853122971e-06
370,58bc2284e4b0d23e37736df2,False,1.1234218018937009e-07
371,58bba162e4b0d23e37736abc,False,1.1571296028042447e-07
372,58b59cb3e4b0d23e37734be8,False,1.0000000994736041e-07
373,58bcc363e4b0d23e3773810a,False,5.364963746056266e-07
374,58d16b07e4b06d16e3cd90f6,False,1.7884793621241903e-06
375,58bc11c0e4b0d23e37736c14,False,1.0000000994736041e-07
376,58bd5a4de4b0d23e377384c6,False,3.174626245431466e-05
377,58bd8b0ae4b0d23e37738752,False,1.0000000994736041e-07
378,58bd8a00e4b0d23e37738744,False,2.6677695487320747e-06
379,58bdc024e4b0d23e37738b22,False,1.0000000994736041e-07
380,58baf4cbe4b0d23e37735fc3,False,8.894410989509006e-07
381,58bdf71ee4b0d23e37738f85,False,1.0000000994736041e-07
382,58bdf785e4b0d23e37738f90,False,4.317208030002439e-06
383,58bb097ce4b0d23e3773617e,False,4.330275144476544e-06
384,58bc7568e4b0d23e3773784e,False,1.0000000994736041e-07
385,58bdd175e4b0d23e37738c6c,False,4.305815017041298e-06
386,58bbc8e6e4b0d23e37736b07,False,1.0000000994736041e-07
387,58bc2c7ee4b0d23e37736f31,False,5.878469215351129e-07
388,58be0627e4b0d23e377390c5,False,1.0000000994736041e-07
389,58be58e0e4b0d23e377393d3,False,4.308006990095555e-06
390,58790205e4b0d1a74fe8d4aa,False,1.0000000994736041e-07
391,58be2a0ee4b0d23e377392f2,False,1.0000000994736041e-07
392,58ab4634e4b08c6e1ec0a93b,False,1.0000000994736041e-07
393,58bdf8dee4b0d23e37738faf,False,1.0281507430317643e-06
394,58bc8106e4b0d23e377379f2,False,1.0000000994736041e-07
395,58bd9d40e4b0d23e377388ae,False,1.0000000994736041e-07
396,58bb92b4e4b0d23e37736a6a,False,1.0000000994736041e-07
397,58bb4faee4b0d23e377366bd,False,2.6292745599335944e-07
398,58bdd875e4b0d23e37738d0c,False,2.0319042647031467e-07
399,58bd9305e4b0d23e377387ee,False,1.1411532899679397e-07
400,58bd7374e4b0d23e37738602,False,4.313471541277701e-06
401,5895128ae4b05f998de9587b,False,1.0000000994736041e-07
402,58bce4b8e4b0d23e37738328,False,4.314955067722965e-06
403,58bce687e4b0d23e3773833d,False,1.0000000994736041e-07
404,58bce5c8e4b0d23e37738330,False,4.322680031057057e-06
405,58bd9461e4b0d23e3773880d,False,8.720936131271941e-06
406,58bcae50e4b0d23e37737f15,False,1.0000000994736041e-07
407,58bc98d7e4b0d23e37737cce,False,3.3912608304363423e-06
408,58bc8db4e4b0d23e37737b7a,False,6.881136929032618e-07
409,58bc8148e4b0d23e377379f6,False,2.2966146696374544e-07
410,58ad1746e4b08c6e1ec0ac52,False,1.0000000994736041e-07
411,58bc7d7be4b0d23e37737970,False,1.0000000994736041e-07
412,58bc5d72e4b0d23e3773756b,False,1.0000000994736041e-07
413,58bc77d6e4b0d23e377378b8,False,1.0000000994736041e-07
414,58bc8276e4b0d23e37737a1c,False,1.0000000994736041e-07
415,58bc0ec9e4b0d23e37736be0,False,4.311928213379159e-06
416,58badbc3e4b0d23e37735d49,False,1.0000000994736041e-07
417,58bc88e0e4b0d23e37737adc,False,1.0000000994736041e-07
418,58bc5e1ae4b0d23e37737584,False,1.0000000994736041e-07
419,58bdb758e4b0d23e37738a5b,False,2.0442826569529384e-07
420,58a9dc66e4b0fe098804547a,False,2.8874450267191887e-06
421,58bc237be4b0d23e37736e0b,False,1.0000000994736041e-07
422,58b734c5e4b0d23e37734f86,False,2.2841990498577255e-07
423,58bc1e06e4b0d23e37736d72,False,1.0000000994736041e-07
424,58bca5cfe4b0d23e37737e34,False,1.0000000994736041e-07
425,58bc16fce4b0d23e37736c7f,False,1.0000000994736041e-07
426,58bc1283e4b0d23e37736c2f,False,1.0000000994736041e-07
427,58bdc6d8e4b0d23e37738b91,False,3.069467607302687e-06
428,58bc1a5de4b0d23e37736cf0,False,3.3402177045794835e-07
429,58bb1ff2e4b0d23e37736356,False,1.0000000994736041e-07
430,58bb82e0e4b0d23e377369f6,False,1.0000000994736041e-07
431,58bd2ecae4b0d23e37738417,False,3.489098482930407e-07
432,58bb779de4b0d23e3773695e,False,4.312150063720855e-06
433,58a03833e4b0314ab22f9794,False,1.0000000994736041e-07
434,58b1f1dfe4b0eec3bce002ca,False,1.0000000994736041e-07
435,58bb5c99e4b0d23e3773678f,False,1.0000000994736041e-07
436,58bb7447e4b0d23e37736924,False,3.068330647332241e-07
437,58baf4d7e4b0d23e37735fc6,False,6.152917426636472e-07
438,58bc18dae4b0d23e37736cb7,False,1.0000000994736041e-07
439,58bb56bee4b0d23e37736721,False,1.0000000994736041e-07
440,58bb6adce4b0d23e37736885,False,1.0000000994736041e-07
441,58bd6c28e4b0d23e377385a5,False,1.0000000994736041e-07
442,58bad885e4b0d23e37735cee,False,1.0000000994736041e-07
443,58bb54ede4b0d23e37736707,False,1.0000000994736041e-07
444,58bb3a07e4b0d23e37736578,False,2.061300045887592e-07
445,58bc7f0de4b0d23e377379a8,False,1.0000000994736041e-07
446,58bc641fe4b0d23e3773762f,False,1.0000000994736041e-07
447,5893d156e4b05f998de95736,False,1.5378615848828694e-05
448,5883a992e4b04c4484df0718,False,1.0000000994736041e-07
449,58bb3a50e4b0d23e3773657f,False,1.0000000994736041e-07
450,58b4775de4b0eec3bce00863,False,4.3153456408923225e-06
451,58bd5a2ce4b0d23e377384c5,False,1.0000000994736041e-07
452,58bc7e55e4b0d23e3773798f,False,1.0000000994736041e-07
453,58bc43b3e4b0d23e37737229,False,1.0000000994736041e-07
454,58bdf983e4b0d23e37738fc2,False,1.0000000994736041e-07
455,589c8b99e4b0314ab22f9246,False,1.0000000994736041e-07
456,58be408fe4b0d23e377393a1,False,1.9238794983602498e-07
457,58baefbee4b0d23e37735f35,False,1.1870110507261582e-05
458,589e6ad6e4b0314ab22f94fa,False,1.0000000994736041e-07
459,58bd64f3e4b0d23e37738534,False,2.0548987892813794e-07
460,58bae921e4b0d23e37735e91,False,2.814999995048336e-07
461,58bae728e4b0d23e37735e6d,False,6.467428004789287e-07
462,58bdc81ce4b0d23e37738ba7,False,2.61853232385778e-07
463,58bae47ce4b0d23e37735e2a,False,1.0000000994736041e-07
464,58bcb013e4b0d23e37737f4b,False,3.0090698458745983e-06
465,58a725aae4b0fe09880450db,False,1.0000000994736041e-07
466,58a7df46e4b0fe09880451e4,False,7.734573858462186e-05
467,58bc4b2fe4b0d23e37737320,False,1.0000000994736041e-07
468,58badb3ae4b0d23e37735d30,False,4.316658026429705e-06
469,58ad5f9ae4b08c6e1ec0ac9a,False,1.0000000994736041e-07
470,58be226de4b0d23e37739271,False,5.839091121720417e-07
471,58af9b2de4b068eafab0c8b5,False,1.0000000994736041e-07
472,5897dd6ce4b05f998de95c98,False,4.312183251459853e-06
473,58bdc2bce4b0d23e37738b55,False,1.0000000994736041e-07
474,586ad044e4b09266b0cab3a4,False,1.0000000994736041e-07
475,5899ab98e4b05f998de95e88,False,1.0000000994736041e-07
476,58b4737ee4b0eec3bce00854,False,3.258923277477138e-07
477,58bb2c0ce4b0d23e37736447,False,4.329950895816195e-06
478,58bb0169e4b0d23e377360d8,False,1.0000000994736041e-07
479,58b625e3e4b0d23e37734d65,False,1.5977424948229352e-05
480,58adff05e4b068eafab0c6d8,False,1.0000000994736041e-07
481,58b23ef8e4b0eec3bce003bc,False,4.314123703455058e-06
482,589cfa22e4b0314ab22f92e4,False,1.0000000994736041e-07
483,58a8d19ce4b0fe098804535a,False,1.0000000994736041e-07
484,58bd5a0ae4b0d23e377384c3,False,1.7156461136082997e-06
485,58a7aff4e4b0fe09880451b5,False,1.0000000994736041e-07
486,5899b98be4b05f998de95e8d,False,1.0000000994736041e-07
487,589c8b5ee4b0314ab22f9243,False,2.6713264642001685e-07
488,58a700a6e4b0fe098804509c,False,1.0000000994736041e-07
489,58b1e63ae4b0eec3bce002a9,False,1.0000000994736041e-07
490,589fdc75e4b0314ab22f9718,False,2.087644692364306e-06
491,58ad5cd2e4b08c6e1ec0ac98,False,1.653407711004974e-07
492,589aa843e4b05f998de95fde,False,1.0000000994736041e-07
493,58b0a286e4b05f7a05193146,False,1.3270890331141242e-06
494,58a161fde4b0314ab22f99e0,False,2.31363613148328e-05
495,589b3e47e4b05f998de96047,False,1.0000000994736041e-07
496,5897d504e4b05f998de95c8b,False,4.31772055178974e-06
497,58bc44c3e4b0d23e3773724c,False,8.196839064991848e-07
498,58b35cb7e4b0eec3bce005da,False,1.7368213873070795e-06
499,58b85bfce4b0d23e37735227,False,1.0000000994736041e-07
500,58af968fe4b068eafab0c8ac,False,1.0000000994736041e-07
501,589f9d4ae4b0314ab22f968f,False,1.0973164137960822e-07
502,58b34d1ee4b0eec3bce0059e,False,1.0000000994736041e-07
503,58b214bee4b0eec3bce0034d,False,1.0000000994736041e-07
504,58ab751ce4b08c6e1ec0a9a6,False,3.025596146442514e-07
505,58b30822e4b0eec3bce00493,False,1.0000000994736041e-07
506,58bd59ece4b0d23e377384c0,False,1.0000000994736041e-07
507,58af682be4b068eafab0c836,False,1.457375152011443e-07
508,58be2738e4b0d23e377392b2,False,2.014226736707442e-06
509,588eb7c9e4b090cf9c5a4770,False,1.0000000994736041e-07
510,58adff22e4b068eafab0c6d9,False,4.3261754532631435e-06
511,58bb0d8ae4b0d23e377361d5,False,1.0000000994736041e-07
512,58bb42dfe4b0d23e37736614,False,4.3137911430488025e-06
513,58992f5ee4b05f998de95e15,False,1.0000000994736041e-07
514,58b795d4e4b0d23e377350e4,False,4.315760147124253e-06
515,589dd431e4b0314ab22f93b3,False,3.510953870185891e-07
516,58c72d95e4b06d16e3cd4c58,False,1.0000000994736041e-07
517,58b4d967e4b0d23e37734ae2,False,1.0000000994736041e-07
518,58af2abbe4b068eafab0c7e9,False,1.4955028354006956e-07
519,58ba297de4b0d23e37735aff,False,4.1566300981417285e-07
520,58b8a7b4e4b0d23e37735359,False,4.3240898019319567e-07
521,58af7621e4b068eafab0c852,False,2.6320049287256075e-05
522,589904a0e4b05f998de95d9e,False,1.0000000994736041e-07
523,58bdcbe3e4b0d23e37738bff,False,5.507917319479202e-07
524,58bc906ae4b0d23e37737bc9,False,1.0000000994736041e-07
525,58bb0d95e4b0d23e377361d6,False,1.098346113999673e-05
526,58baf4f9e4b0d23e37735fca,False,1.0000000994736041e-07
527,58af89dfe4b068eafab0c88f,False,1.0000000994736041e-07
528,589b4b48e4b05f998de96055,False,1.1425572936931796e-06
529,58bcc31be4b0d23e37738103,False,3.3042750427764706e-06
530,5876f559e4b0087d2c8a078b,False,4.323779330665126e-06
531,58b2ece9e4b0eec3bce0044c,False,0.00010756031008388367
532,58a4cf07e4b0314ab22f9d86,False,1.2047248973156896e-07
533,58ba42b3e4b0d23e37735b5f,False,4.314528144983323e-06
534,58ae930ae4b068eafab0c764,False,4.4520459921830643e-07
535,58ae26dfe4b068eafab0c706,False,1.0000000994736041e-07
536,58b38e80e4b0eec3bce00664,False,1.0000000994736041e-07
537,58bb0aafe4b0d23e37736198,False,4.75736009869089e-07
538,5872f57ee4b0e80f9e3c2595,False,1.0000000994736041e-07
539,5879028ee4b0d1a74fe8d4b0,False,1.2866781352790818e-07
540,58ab3c61e4b08c6e1ec0a91a,False,0.0003707534649998236
541,58a93e96e4b0fe09880453e5,False,4.315629176980429e-06
542,5887ec83e4b05f73db0779b6,False,4.331320927557275e-06
543,58bcdcade4b0d23e377382d8,False,4.314967533525682e-06
544,5876f522e4b0087d2c8a0788,False,1.0000000994736041e-07
545,58b37679e4b0eec3bce0062d,False,4.311852315214157e-06
546,58b03dcfe4b05f7a051930a0,False,4.297361911713339e-06
547,589c55f0e4b05f998de96157,False,1.0000000994736041e-07
548,58893319e4b05f73db077a5b,False,1.8477275067885758e-06
549,58782ac9e4b0d1a74fe8d454,False,1.1947087247968438e-07
550,58a07af3e4b0314ab22f97b9,False,1.0000000994736041e-07
551,58bb244ce4b0d23e3773639c,False,4.2983280561887606e-06
552,58a9cea3e4b0fe098804546a,False,1.0000000994736041e-07
553,58ab132ce4b08c6e1ec0a8bc,False,4.333499632332983e-06
554,588b514be4b090cf9c5a4503,False,3.2913481581803396e-07
555,5876f509e4b0087d2c8a0787,False,1.0000000994736041e-07
556,58af42d0e4b068eafab0c803,False,1.0000000994736041e-07
557,589a71afe4b05f998de95f7f,False,2.4132833593402254e-07
558,58a03f94e4b0314ab22f9795,False,8.47742618564781e-07
559,58933790e4b018a8bfc28882,False,3.3071507911515336e-07
560,5879024ee4b0d1a74fe8d4ad,False,4.314229108938455e-06
561,5899fbfbe4b05f998de95ebf,False,1.0000000994736041e-07
562,58b0c119e4b0eec3bce000e7,False,1.0000000994736041e-07
563,58accfc4e4b08c6e1ec0abb4,False,4.316215221478077e-06
564,588a51e5e4b090cf9c5a446d,False,1.2937586109357529e-06
565,587b744ee4b0d1a74fe8d600,False,1.0000000994736041e-07
566,58a0b01ee4b0314ab22f9816,False,1.0000000994736041e-07
567,5871c4ace4b0e80f9e3c2530,False,1.0000000994736041e-07
568,587ced84e4b0d1a74fe8d6dc,False,1.0000000994736041e-07
569,58afae7fe4b068eafab0c8d0,False,1.0000000994736041e-07
570,588bcaa5e4b090cf9c5a4579,False,3.905292195974135e-07
571,586fa0c8e4b0e80f9e3c242f,False,1.0755603827275257e-06
572,587d5de1e4b068f9da392921,False,1.0000000994736041e-07
573,58968fa8e4b05f998de95ad8,False,3.4758300995119566e-07
574,588530dae4b04c4484df0838,False,1.0000000994736041e-07
575,587aaf45e4b0d1a74fe8d5ca,False,1.0000000994736041e-07
576,587cea02e4b0d1a74fe8d6d3,False,1.0000000994736041e-07
577,586b09dfe4b09266b0cab3ba,False,4.897445607241484e-07
578,58839941e4b04c4484df070d,False,1.0000000994736041e-07
579,58b33faee4b0eec3bce0056b,False,1.0000000994736041e-07
580,58bae64de4b0d23e37735e5b,False,4.302343632290003e-06
581,58badc47e4b0d23e37735d5c,False,1.0000000994736041e-07
582,58bafbece4b0d23e37736065,False,1.0000000994736041e-07
583,58bac4fbe4b0d23e37735c36,False,1.0000000994736041e-07
584,58a1b245e4b0314ab22f99e7,False,4.327207287150457e-06
585,5893a185e4b018a8bfc288d3,False,1.0000000994736041e-07
586,587cd01ce4b0d1a74fe8d6ad,False,1.0000000994736041e-07
587,58b1c3a9e4b0eec3bce0023c,False,1.0000000994736041e-07
588,586d2309e4b00ce8c12e99d8,False,1.6357895660402437e-07
589,586b24dde4b09266b0cab3c3,False,4.325625952837972e-06
590,5885511fe4b04c4484df085f,False,1.2328113989940994e-06
591,58b725f6e4b0d23e37734f53,False,1.0000000994736041e-07
592,58af451ae4b068eafab0c80c,False,1.0000000994736041e-07
593,58aa0a26e4b0fe09880454e2,False,4.327160927388463e-06
594,58bcbce3e4b0d23e37738098,False,1.0000000994736041e-07
595,58bb3ac1e4b0d23e37736582,False,1.0000000994736041e-07
596,58a2761de4b0314ab22f9b3a,False,3.6841040368501067e-07
597,58cd2f9ae4b06d16e3cd7283,False,4.306540891768983e-06
598,5899f904e4b05f998de95eba,False,1.0000000994736041e-07
599,58c4a28be4b06d16e3cd3757,False,1.0000000994736041e-07
600,58baf98be4b0d23e3773602b,False,1.0000000994736041e-07
601,58bb1090e4b0d23e37736216,False,1.503750814620504e-07
602,58bb75d4e4b0d23e3773693e,False,1.0000000994736041e-07
603,58bc4f6de4b0d23e377373a0,False,4.328197618323541e-06
604,58bc3e32e4b0d23e37737195,False,4.301859311092042e-06
605,58b63c80e4b0d23e37734da7,False,3.6825859822710916e-07
606,58bb759ee4b0d23e3773693a,False,1.0000000994736041e-07
607,58b72ae0e4b0d23e37734f63,False,1.0000000994736041e-07
608,58bb6ac9e4b0d23e37736883,False,1.0000000994736041e-07
609,58bae208e4b0d23e37735de4,False,1.0000000994736041e-07
610,58b9aab9e4b0d23e3773554c,False,4.303977644955386e-06
611,58baef34e4b0d23e37735f1b,False,2.104593077541468e-07
612,58bc7808e4b0d23e377378c2,False,1.0000000994736041e-07
613,58bb16a4e4b0d23e377362a4,False,3.827310368317179e-06
614,589a7631e4b05f998de95f83,False,1.0000000994736041e-07
615,58a78d1ee4b0fe0988045186,False,1.0000000994736041e-07
616,58ba08cae4b0d23e377359d1,False,1.0000000994736041e-07
617,58bb2e3de4b0d23e37736479,False,4.309686690849096e-06
618,58bdacb3e4b0d23e3773899f,False,1.0000000994736041e-07
619,589f2f94e4b0314ab22f9596,False,4.318305886518129e-06
620,58b85fe0e4b0d23e37735230,False,1.0000000994736041e-07
621,58bdcd83e4b0d23e37738c1e,False,1.0000000994736041e-07
622,58ac6543e4b08c6e1ec0aabd,False,1.0000000994736041e-07
623,58ba1492e4b0d23e37735a62,False,1.0000000994736041e-07
624,58a22268e4b0314ab22f9a9d,False,4.327477132855668e-06
625,58ac9e73e4b08c6e1ec0ab38,False,2.0203731057164975e-06
626,58b76ca4e4b0d23e37735051,False,4.3072554276922966e-06
627,58ba1cdde4b0d23e37735ab1,False,4.328304745114585e-06
628,58adb50de4b068eafab0c670,False,4.323824710091399e-06
629,58bdb9a7e4b0d23e37738aaa,False,2.95502617032458e-06
630,58b726cde4b0d23e37734f5a,False,0.002298586290447402
631,58bc20c5e4b0d23e37736dbd,False,4.332054810430044e-06
632,58a007f0e4b0314ab22f9768,False,6.012248843413683e-06
633,58b43749e4b0eec3bce00758,False,5.08802124276033e-06
634,58b6e533e4b0d23e37734ead,False,2.2102677491740513e-06
635,58b75ec0e4b0d23e3773502f,False,4.312839872662726e-06
636,58b48b58e4b0d23e377349d7,False,0.00025254012103807175
637,588f5486e4b090cf9c5a4799,False,1.0000000994736041e-07
638,589663b9e4b05f998de95a6e,False,4.321147421648869e-06
639,589cfb7ae4b0314ab22f92e9,False,1.184824536959355e-06
640,58bad58ce4b0d23e37735cc4,False,2.712614709782403e-05
641,588145a3e4b04c4484df05f1,False,0.01014994936349793
642,58ae1e98e4b068eafab0c6fb,False,4.316583734326476e-06
643,58aa7c10e4b0fe09880455b1,False,4.326526628059975e-06
644,58ad51e7e4b08c6e1ec0ac63,False,4.308521794289586e-06
645,589fbba1e4b0314ab22f96d6,False,4.323815319632831e-06
646,589924eae4b05f998de95de6,False,1.0000000994736041e-07
647,58879c82e4b05f73db07797e,False,2.142160992278767e-06
648,5883c5ace4b04c4484df0737,False,4.3063441147004584e-06
649,5893aa08e4b018a8bfc288e9,False,1.9295427966750957e-05
650,58a600a3e4b0314ab22f9ea5,False,4.320501039666432e-06
651,58a0e9cce4b0314ab22f991e,False,0.006758118781982195
652,58952309e4b05f998de9588c,False,4.294558442040295e-06
653,58a38f95e4b0314ab22f9c30,False,4.319770703892804e-06
654,589e1f16e4b0314ab22f946a,False,4.310305915529069e-06
655,5899fb23e4b05f998de95ebe,False,4.330979295428673e-06
656,58922a60e4b018a8bfc287e2,False,4.313308216847018e-06
657,588b9bc2e4b090cf9c5a4542,False,4.310603786604526e-06
658,58840233e4b04c4484df0796,False,4.310544292459395e-06
659,58b121ece4b0eec3bce0015f,False,1.0000000994736041e-07
660,58850e80e4b04c4484df080a,False,4.309791379565395e-06
661,5883a9a8e4b04c4484df0719,False,5.694083307480149e-07
662,58829befe4b04c4484df06a1,False,1.0000000994736041e-07
663,58cecf3fe4b06d16e3cd7f7f,False,4.326354249788949e-06
664,58b01f48e4b068eafab0c903,False,1.0000000994736041e-07
665,58a8b14ee4b0fe09880452e8,False,4.313950314765613e-06
666,58bc8463e4b0d23e37737a59,False,6.978863184797744e-06
667,58bcc9b2e4b0d23e37738194,False,6.989424572649349e-07
668,58bc72aee4b0d23e37737807,False,4.313900921405284e-06
669,58bb36dce4b0d23e37736535,False,1.0000000994736041e-07
670,58b59f58e4b0d23e37734bf0,False,1.0000000994736041e-07
671,58bc279de4b0d23e37736e8e,False,1.0000000994736041e-07
672,58bc60dfe4b0d23e377375db,False,4.3166844166588255e-06
673,58af53c0e4b068eafab0c81e,False,4.311119049549338e-06
674,58bb17dae4b0d23e377362bd,False,4.332691830501665e-06
675,58bcacb5e4b0d23e37737eea,False,4.316044898806278e-06
676,58bb1c36e4b0d23e3773631b,False,1.0000000994736041e-07
677,58bc4f4ee4b0d23e3773739b,False,7.60499228521691e-07
678,58bc0932e4b0d23e37736b88,False,4.072886361661557e-06
679,58b4e249e4b0d23e37734b05,False,4.319049558070711e-06
680,58bc3835e4b0d23e377370db,False,2.3301412523301473e-06
681,58ce88dee4b06d16e3cd7c58,False,3.1093678172769966e-06
682,58bb7de3e4b0d23e377369b4,False,1.0000000994736041e-07
683,58bc51bce4b0d23e377373e7,False,1.0000000994736041e-07
684,58bc016fe4b0d23e37736b55,False,1.0000000994736041e-07
685,58bc2c9ce4b0d23e37736f34,False,1.0000000994736041e-07
686,58bea39ee4b0d23e37739422,False,1.0000000994736041e-07
687,58bcec52e4b0d23e37738370,False,4.311126034244653e-06
688,58bc21f3e4b0d23e37736de7,False,3.9305919225726443e-07
689,58bcd7d8e4b0d23e377382b3,False,1.0000000994736041e-07
690,58bc30dae4b0d23e37736fdc,False,1.0000000994736041e-07
691,58c09d50e4b0d23e3773a661,False,1.0000000994736041e-07
692,58bb32e1e4b0d23e377364e6,False,1.2127662133118158e-05
693,58bd907ae4b0d23e377387b4,False,1.5176511363839983e-07
694,58bc6f71e4b0d23e377377a0,False,1.0000000994736041e-07
695,58c45716e4b06d16e3cd3311,False,1.814007622327981e-07
696,58bca95ce4b0d23e37737e8a,False,1.0000000994736041e-07
697,58bc8656e4b0d23e37737a97,False,1.0000000994736041e-07
698,58bca3b9e4b0d23e37737e07,False,3.4089111223372915e-06
699,58bc37b2e4b0d23e377370c7,False,1.6771247934558202e-06
700,58bfde5ae4b0d23e37739f27,False,4.924526740086765e-07
701,58beb0f0e4b0d23e37739458,False,1.0000000994736041e-07
702,58bdc10ce4b0d23e37738b32,False,1.0000000994736041e-07
703,58bc6db7e4b0d23e37737776,False,4.1155974979650865e-07
704,58bc6e85e4b0d23e3773778e,False,1.0000000994736041e-07
705,58bd8f26e4b0d23e3773879d,False,4.321457913300091e-06
706,58bd88eee4b0d23e3773873a,False,1.0000000994736041e-07
707,58bc1dd0e4b0d23e37736d6d,False,1.0000000994736041e-07
708,58badf75e4b0d23e37735da5,False,1.707340007351514e-06
709,58bea6f1e4b0d23e37739434,False,0.0001922443212613384
710,58bc244de4b0d23e37736e22,False,1.0000000994736041e-07
711,58d41aefe4b06d16e3cda3c2,False,2.4680507117468304e-06
712,58b8ac7ae4b0d23e37735363,False,4.314456969081284e-06
713,58be0c93e4b0d23e37739148,False,4.314521571629141e-06
714,58bc72e2e4b0d23e37737810,False,1.0000000994736041e-07
715,58be09c6e4b0d23e37739119,False,4.3134795826924386e-06
716,58bc9e3fe4b0d23e37737d61,False,1.0000000994736041e-07
717,58bc79eee4b0d23e377378f6,False,3.7628460617693614e-07
718,58ba0cb5e4b0d23e377359f2,False,2.476405643189803e-05
719,58bb1946e4b0d23e377362dd,False,4.333134214800732e-06
720,58b40128e4b0eec3bce006d5,False,1.0000000994736041e-07
721,58be0559e4b0d23e377390c2,False,1.0000000994736041e-07
722,58ba2098e4b0d23e37735ad2,False,4.324910712889898e-06
723,58bb3afde4b0d23e37736587,False,1.0000000994736041e-07
724,58b8cf89e4b0d23e377353f8,False,1.0000000994736041e-07
725,58baec5ae4b0d23e37735ec8,False,4.324948562385521e-06
726,58bc91dae4b0d23e37737bef,False,1.0000000994736041e-07
727,58bc8829e4b0d23e37737ac6,False,0.0006104224499073239
728,58bb9079e4b0d23e37736a54,False,0.0047796357489177065
729,58b6d49ae4b0d23e37734e6d,False,1.0000000994736041e-07
730,58bc163be4b0d23e37736c69,False,4.316373863059589e-06
731,58bca0b8e4b0d23e37737da8,False,1.0000000994736041e-07
732,58bc4641e4b0d23e3773727a,False,1.0000000994736041e-07
733,58bc93aee4b0d23e37737c20,False,1.0000000994736041e-07
734,58be0ba9e4b0d23e3773913b,False,1.6493484468743335e-06
735,58d065bae4b06d16e3cd8c86,False,1.0000000994736041e-07
736,58bdbbc8e4b0d23e37738ade,False,1.0000000994736041e-07
737,58be1759e4b0d23e377391f2,False,6.459265692296122e-06
738,58a519fae4b0314ab22f9df4,False,1.0000000994736041e-07
739,58bc2aa7e4b0d23e37736f01,False,1.0000000994736041e-07
740,58bc51efe4b0d23e377373f1,False,3.8449509860311794e-07
741,58bc6b60e4b0d23e37737716,False,1.0000000994736041e-07
742,58bc4824e4b0d23e377372bc,False,1.638531636842555e-07
743,58bc18c7e4b0d23e37736cb5,False,4.331504180447722e-06
744,58bc72f0e4b0d23e37737814,False,1.0000000994736041e-07
745,58bc96b8e4b0d23e37737c90,False,2.342727281443388e-07
746,58bc519ae4b0d23e377373e2,False,3.579671568259452e-07
747,58bc6297e4b0d23e3773760e,False,5.516315686302654e-07
748,58bd9480e4b0d23e37738810,False,1.0000000994736041e-07
749,58bc59b5e4b0d23e377374f7,False,1.0000000994736041e-07
750,58b81c41e4b0d23e3773518d,False,1.0000000994736041e-07
751,58bcd079e4b0d23e3773821c,False,1.9437028095511737e-06
752,58bcead1e4b0d23e37738360,False,1.0000000994736041e-07
753,58bddd6ce4b0d23e37738d6a,False,3.8967772672300074e-07
754,58bc63c9e4b0d23e37737627,False,1.0000000994736041e-07
755,58bae994e4b0d23e37735e9b,False,1.4834205154794103e-06
756,58cea271e4b06d16e3cd7d35,False,1.0000000994736041e-07
757,58bdfd00e4b0d23e3773901c,False,1.0000000994736041e-07
758,58bb5a54e4b0d23e37736754,False,1.3942368105484716e-07
759,587bba8de4b0d1a74fe8d627,False,4.304198569359582e-06
760,58bc91a2e4b0d23e37737be7,False,1.0000000994736041e-07
761,58bb0404e4b0d23e377360f7,False,1.0000000994736041e-07
762,58bc357fe4b0d23e3773707e,False,1.0000000994736041e-07
763,5893a802e4b018a8bfc288de,False,3.6327465657898385e-06
764,58bc5af5e4b0d23e3773751e,False,4.311424099722326e-06
765,58bdd162e4b0d23e37738c6a,False,1.0000000994736041e-07
766,58bcbc5de4b0d23e3773808b,False,1.0000000994736041e-07
767,58bd62dfe4b0d23e3773851d,False,1.0000000994736041e-07
768,58a02952e4b0314ab22f978a,False,1.0000000994736041e-07
769,58bb8b16e4b0d23e37736a2e,False,4.297762896740993e-06
770,58bc0db3e4b0d23e37736bc7,False,1.0000000994736041e-07
771,58bdc925e4b0d23e37738bc5,False,1.687675654693141e-05
772,58bb7001e4b0d23e377368df,False,1.860922926779681e-07
773,58bc460ae4b0d23e37737273,False,0.00033845299441061737
774,58bdb40ee4b0d23e37738a0f,False,1.0000000994736041e-07
775,58bcd293e4b0d23e37738256,False,1.0000000994736041e-07
776,58bb34c1e4b0d23e37736511,False,4.31123616298996e-06
777,58bc0f4fe4b0d23e37736be7,False,1.0000000994736041e-07
778,58cea0e4e4b06d16e3cd7d1c,False,1.0000000994736041e-07
779,58bd546de4b0d23e3773847d,False,1.0000000994736041e-07
780,58bd90fee4b0d23e377387bb,False,1.0000000994736041e-07
781,58c41ee9e4b06d16e3cd2fce,False,1.0000000994736041e-07
782,58a84c41e4b0fe098804521f,False,1.0000000994736041e-07
783,58caf66ee4b06d16e3cd656e,False,3.4007318816453292e-06
784,58bcc5f8e4b0d23e37738141,False,4.312777066138364e-06
785,58b9ff24e4b0d23e37735977,False,4.314881810356779e-06
786,58b9fe62e4b0d23e3773596b,False,1.0000000994736041e-07
787,58bde186e4b0d23e37738dab,False,5.159702145925362e-05
788,58bea3cee4b0d23e37739424,False,1.0000000994736041e-07
789,58bc4e5ae4b0d23e37737379,False,1.4668464796165957e-07
790,58c24d9be4b06d16e3cd21cd,False,1.0000000994736041e-07
791,58bcc4f5e4b0d23e37738125,False,1.0000000994736041e-07
792,58cfade6e4b06d16e3cd8612,False,1.0000000994736041e-07
793,58c0a5c3e4b0d23e3773a6b5,False,4.217818379109343e-06
794,58bc1a3de4b0d23e37736cec,False,1.0000000994736041e-07
795,58bc657fe4b0d23e37737658,False,1.0000000994736041e-07
796,58b9be3ae4b0d23e377356b6,False,2.51063912829512e-06
797,58ccec61e4b06d16e3cd7202,False,1.0000000994736041e-07
798,58bd656ae4b0d23e37738540,False,1.0000000994736041e-07
799,58bc4838e4b0d23e377372c1,False,1.0000000994736041e-07
800,58ba055ce4b0d23e377359c1,False,4.311272155287458e-06
801,58be3e6ae4b0d23e37739399,False,1.0000000994736041e-07
802,58be3ccbe4b0d23e37739390,False,2.1031119783532338e-06
803,58cfd63ae4b06d16e3cd86e4,False,4.313466971449287e-06
804,58be2657e4b0d23e377392a9,False,1.0000000994736041e-07
805,58be4c84e4b0d23e377393c4,False,4.302235993021164e-06
806,58be216ae4b0d23e37739267,False,1.3570950145315735e-05
807,58bde314e4b0d23e37738dd4,False,1.0000000994736041e-07
808,58be16f4e4b0d23e377391e8,False,1.0000000994736041e-07
809,58bc42f4e4b0d23e3773720c,False,1.0000000994736041e-07
810,58bc6fa4e4b0d23e377377a7,False,4.30102584128983e-06
811,58bc5e20e4b0d23e37737585,False,4.318001440196461e-06
812,58bdfd70e4b0d23e37739022,False,1.0000000994736041e-07
813,58bc65b6e4b0d23e37737662,False,1.686861239913097e-07
814,58bdf929e4b0d23e37738fba,False,4.296933846115314e-06
815,58bdea65e4b0d23e37738e76,False,1.0000000994736041e-07
816,58bc6c67e4b0d23e37737740,False,4.312310458802447e-06
817,58bde0c7e4b0d23e37738d99,False,1.0000000994736041e-07
818,58bc9a15e4b0d23e37737cf2,False,8.456474378739588e-07
819,58bc134fe4b0d23e37736c47,False,4.305088203946087e-06
820,58bdbb39e4b0d23e37738ad0,False,1.0000000994736041e-07
821,58bdc47be4b0d23e37738b6e,False,9.92551924813676e-07
822,58bdc802e4b0d23e37738ba3,False,1.1247449159131129e-05
823,58bdc456e4b0d23e37738b6c,False,4.305130942460415e-06
824,58bda04fe4b0d23e377388e7,True,0.9515404916114123
825,58bd91d1e4b0d23e377387d6,False,0.004577441146132324
826,58b3676fe4b0eec3bce00617,False,1.0000000994736041e-07
827,58bde10ce4b0d23e37738d9f,False,1.0000000994736041e-07
828,58bda523e4b0d23e37738934,False,1.124786501975147e-06
829,58bd9fcee4b0d23e377388d8,False,0.00045536926516360983
830,58bdf361e4b0d23e37738f40,False,3.6586741417630766e-05
831,58bd9846e4b0d23e3773884f,False,1.0000000994736041e-07
832,58bd9d18e4b0d23e377388ad,False,1.0000000994736041e-07
833,58bd572be4b0d23e3773848f,False,1.0000000994736041e-07
834,58bdc5bfe4b0d23e37738b7d,False,1.0000000994736041e-07
835,58b6953de4b0d23e37734dfd,False,1.0000000994736041e-07
836,58bd918de4b0d23e377387d0,False,1.0000000994736041e-07
837,58be1092e4b0d23e3773917e,False,4.313690922684819e-06
838,58c08134e4b0d23e3773a4c0,False,1.0000000994736041e-07
839,58bd7e94e4b0d23e3773869b,False,1.1295085288330076e-07
840,58bd8615e4b0d23e3773870b,False,1.0000000994736041e-07
841,58bc60d0e4b0d23e377375d6,False,1.0000000994736041e-07
842,58bcabf7e4b0d23e37737ed3,False,4.323022962041135e-06
843,58b76012e4b0d23e37735031,False,1.0000000994736041e-07
844,58bf037ee4b0d23e3773984b,False,1.0000000994736041e-07
845,58bd6d72e4b0d23e377385b9,False,4.3517579830171856e-05
846,58bce6b1e4b0d23e37738342,False,1.0000000994736041e-07
847,58be08b4e4b0d23e377390fe,False,1.0000000994736041e-07
848,58bce693e4b0d23e3773833f,False,1.0000000994736041e-07
849,58bd7e6be4b0d23e37738697,False,3.65975771510873e-07
850,58bcf236e4b0d23e377383aa,False,1.0000000994736041e-07
851,58bdc745e4b0d23e37738b97,False,1.0952288756251105e-06
852,58bcdf1ce4b0d23e377382f9,False,3.5984731176391723e-07
853,58bca25ae4b0d23e37737dd1,False,4.311714935365499e-06
854,58a66fa6e4b0314ab22f9f6d,False,1.0000000994736041e-07
855,58bb214ae4b0d23e37736371,False,5.925106235921927e-06
856,58bd9e37e4b0d23e377388bc,False,1.0000000994736041e-07
857,58bcc716e4b0d23e37738158,False,4.3216364349306115e-06
858,58bc4ef7e4b0d23e3773738f,False,1.0000000994736041e-07
859,58bdabd3e4b0d23e3773898f,False,1.5811371538428674e-06
860,58bc919ce4b0d23e37737be6,False,1.0000000994736041e-07
861,58bcb202e4b0d23e37737f81,False,1.5380234061309965e-06
862,58bca992e4b0d23e37737e91,False,1.0000000994736041e-07
863,58bc710ce4b0d23e377377d9,False,1.0000000994736041e-07
864,58bce696e4b0d23e37738340,False,1.0000000994736041e-07
865,58bc94ade4b0d23e37737c3a,False,1.0000000994736041e-07
866,58b9af88e4b0d23e377355a6,True,0.9999971470202136
867,58bc93e2e4b0d23e37737c26,True,0.9817420384058958
868,58be200ce4b0d23e3773925e,True,0.9999874186292573
869,58bc906be4b0d23e37737bca,True,0.9950075647418818
870,58c0b87fe4b0d23e3773a796,True,0.9999940583884873
871,58bc8615e4b0d23e37737a8d,True,0.9999874481738729
872,58bc9777e4b0d23e37737ca6,True,0.9999994891532935
873,58bc3bc3e4b0d23e37737155,True,0.9999997582287614
874,58ba1bc7e4b0d23e37735aa5,True,0.9999996883855138
875,58bc9c87e4b0d23e37737d30,True,0.9999988070689967
876,58bc7ae5e4b0d23e3773790a,True,0.9999938306186978
877,58bde680e4b0d23e37738e19,True,0.999999796687989
878,58bc7755e4b0d23e377378a3,True,0.9999875078524504
879,58bc7696e4b0d23e37737888,True,0.999999976977035
880,58bc7632e4b0d23e37737874,True,0.9999999277571172
881,58bc6e35e4b0d23e37737788,True,0.9999967316461156
882,58bc6a77e4b0d23e377376f9,True,0.9999935178893145
883,58bc672ce4b0d23e3773768c,True,0.9999875225459913
884,58bc6a50e4b0d23e377376f3,True,0.9999993241750188
885,58bc6070e4b0d23e377375cc,True,0.9999875590879865
886,58bc6064e4b0d23e377375cb,True,0.9999874654921369
887,58be176ae4b0d23e377391f9,True,0.9999999426458114
888,58bc65b5e4b0d23e37737661,True,0.9999976026858127
889,58bc627ee4b0d23e3773760b,True,0.999987534685787
890,58bc95afe4b0d23e37737c64,True,0.9999875079580065
891,58bc3c4be4b0d23e3773715d,True,0.9999965271832333
892,58bc0dbae4b0d23e37736bc8,True,0.9999935833672018
893,58bc819ae4b0d23e37737a02,True,0.9999875659868758
894,58bc1a9ee4b0d23e37736cf9,True,0.9999874889261409
895,58bc4a70e4b0d23e3773730e,True,0.9999875484995431
896,58bc3218e4b0d23e3773700e,True,0.9999909588079937
897,58bb4e93e4b0d23e377366b1,True,0.9999874006770691
898,58bb0bd8e4b0d23e377361b0,True,0.9999995036985428
899,58bc920ce4b0d23e37737bf9,True,0.9999990692387463
900,58bc173de4b0d23e37736c85,True,0.9999874118706864
901,58bc475fe4b0d23e377372a4,True,0.9999999450283051
902,58abad50e4b08c6e1ec0aa21,True,0.9999995098887879
903,58b85b91e4b0d23e37735224,True,0.9999968079304294
904,58bcac43e4b0d23e37737edc,True,0.9999997888515023
905,58badd1ee4b0d23e37735d72,True,0.9999980988501055
906,58bc45afe4b0d23e37737269,True,0.9999995360556123
907,58bc0b06e4b0d23e37736b97,True,0.9999995149385528
908,58bd8b25e4b0d23e37738753,True,0.9999874264390659
909,589cff32e4b0314ab22f92ef,True,0.9999999628720354
910,58bc5014e4b0d23e377373b4,True,0.9999977331540667
911,58bc34d3e4b0d23e3773706b,True,0.9999996633615656
912,58a0c573e4b0314ab22f9844,True,0.9999999884211076
913,58bc38a0e4b0d23e377370f1,True,0.999992843638167
914,58bb3327e4b0d23e377364ef,True,0.999999302293358
915,58bcac97e4b0d23e37737ee9,True,0.9999875084681689
916,58bc380be4b0d23e377370d2,True,0.9999996890889554
917,58bc3851e4b0d23e377370e2,True,0.99998749046346
918,58bc7190e4b0d23e377377e6,True,0.9999874511334372
919,58bc16c8e4b0d23e37736c78,True,0.9999875264604938
920,58bc33d1e4b0d23e37737046,True,0.9999875486052514
921,58be2683e4b0d23e377392ab,True,0.9999875403285228
922,58bc1ebee4b0d23e37736d85,True,0.9999995478792778
923,58bc31c7e4b0d23e37737007,True,0.9999893494423727
924,58bc2e39e4b0d23e37736f6b,True,0.9999928508424827
925,58bc6339e4b0d23e37737616,True,0.9999875060433544
926,58bd7577e4b0d23e37738627,True,0.9999875079203135
927,58bc087de4b0d23e37736b7f,True,0.9999875348089823
928,58bc3840e4b0d23e377370df,True,0.9999875203768187
929,58bc2d1ae4b0d23e37736f43,True,0.9999994292192047
930,58bd60b3e4b0d23e37738501,True,0.9999981555405332
931,58bade82e4b0d23e37735d90,True,0.9999959471608922
932,58bc2abce4b0d23e37736f02,True,0.9999999703859588
933,58bc0852e4b0d23e37736b7d,True,0.9999875341006529
934,58b338fde4b0eec3bce0054a,True,0.9999991356062541
935,58bdcdfae4b0d23e37738c28,True,0.999999568752237
936,58c47264e4b06d16e3cd34ca,True,0.9999951596762642
937,58bc20a0e4b0d23e37736db5,True,0.999999942586562
938,58bdb218e4b0d23e377389f6,True,0.9999998435306487
939,58bc899de4b0d23e37737aed,True,0.9999874796738378
940,589922cee4b05f998de95ddf,True,0.9999875366687621
941,58bc2421e4b0d23e37736e1c,True,0.999999889539711
942,58b2d529e4b0eec3bce0042e,True,0.9999999951093125
943,58aec2d6e4b068eafab0c775,True,0.9999927855963788
944,58bca562e4b0d23e37737e2b,True,0.9999904345463564
945,58bdbed0e4b0d23e37738b0e,True,0.9999875265171354
946,58bd8bfde4b0d23e37738764,True,0.9999875061136494
947,58c04a59e4b0d23e3773a23d,True,0.9999874937567265
948,58bcbeaae4b0d23e377380b4,True,0.9999999961208551
949,58bb20bce4b0d23e37736369,True,0.9999998977975486
950,58bbb14be4b0d23e37736ae7,True,0.9999874659304336
951,58bd00efe4b0d23e377383ea,True,0.9999976521664555
952,58bda7b8e4b0d23e37738961,True,0.9999873954976987
953,58bc7d2ee4b0d23e37737962,True,0.9999875470584726
954,58bc641fe4b0d23e3773762e,True,0.9999999851051874
955,58bc110de4b0d23e37736c06,True,0.9999962992658686
956,58bd6554e4b0d23e3773853d,True,0.9999874003960068
957,58bc0d19e4b0d23e37736bb9,True,0.9999981557349421
958,58bc0c2ce4b0d23e37736ba8,True,0.9999941418029545
959,58bbcb04e4b0d23e37736b0d,True,0.9999875042953851
960,58bc0740e4b0d23e37736b73,True,0.9999986493572962
961,58bc02a7e4b0d23e37736b5b,True,0.9999991079042353
962,58bbbae2e4b0d23e37736aee,True,0.9999992251258206
963,58bb91e1e4b0d23e37736a60,True,0.9999875085581388
964,58bb4135e4b0d23e377365fd,True,0.9999996948092059
965,58bb77cfe4b0d23e37736962,True,0.9999874908585364
966,58bb0f88e4b0d23e377361f3,True,0.9999874797331793
967,58bc1e07e4b0d23e37736d73,True,0.9999964250856092
968,58bb740be4b0d23e37736920,True,0.99999945243807
969,58be0fb0e4b0d23e37739171,True,0.9999875136521493
970,58b6ff80e4b0d23e37734f08,True,0.9999875033149485
971,58bc615ee4b0d23e377375ed,True,0.9999999617987987
972,58b85b67e4b0d23e37735222,True,0.9999995928664301
973,58a70a40e4b0fe09880450bb,True,0.9999874994945421
974,58baddc4e4b0d23e37735d88,True,0.9999991160025161
975,58bdf9a5e4b0d23e37738fc4,True,0.9999875196025979
976,58bafe4ce4b0d23e377360a6,True,0.9999875911575786
977,58bb28e3e4b0d23e3773640d,True,0.9999974463965294
978,58bded88e4b0d23e37738ec6,True,0.9999993615249175
979,58ba10cde4b0d23e37735a26,True,0.9999999832996364
980,58987743e4b05f998de95cf6,True,0.9999875313437008
981,58bb7389e4b0d23e37736916,True,0.9999968853470932
982,58bc729de4b0d23e37737806,True,0.999994473144576
983,58bc9328e4b0d23e37737c12,True,0.9999997167838981
984,58bb7ae9e4b0d23e37736994,True,0.9999996576753395
985,58bb7b83e4b0d23e3773699f,True,0.999999993692749
986,58bb749ee4b0d23e3773692a,True,0.9999999128954132
987,58b197a2e4b0eec3bce001ad,True,0.9999874653269607
988,58bc1f1ae4b0d23e37736d92,True,0.9999998790364109
989,58bb65ece4b0d23e37736842,True,0.9999875278271387
990,58cf2395e4b06d16e3cd8425,True,0.9999979850861308
991,58b9ce6ce4b0d23e377357a2,True,0.9999998811541276
992,58b06067e4b05f7a051930c1,True,0.9999951171097026
993,58bb63a6e4b0d23e37736812,True,0.9999969846774998
994,58bca3c0e4b0d23e37737e08,True,0.9999939181795569
995,588cff7ee4b090cf9c5a462a,True,0.9999994039107318
996,58a24f9be4b0314ab22f9af4,True,0.9999997191687473
997,58bb3b92e4b0d23e37736591,True,0.9999972687229253
998,58bae2d3e4b0d23e37735dfe,True,0.9999974717068496
999,58bb1938e4b0d23e377362db,True,0.9999998837035037
1000,58bb1b00e4b0d23e377362fe,True,0.9999998249540787
1001,58b9afd5e4b0d23e377355ae,True,0.9999999992073051
1002,58ad4e3be4b08c6e1ec0ac61,True,0.9999997491130972
1003,58bb56cee4b0d23e37736723,True,0.99999473556849
1004,58bb590de4b0d23e37736740,True,0.9999999685394576
1005,58bc85d9e4b0d23e37737a84,True,0.9999874996302124
1006,58bdb0ffe4b0d23e377389e4,True,0.9999993224402632
1007,58be173be4b0d23e377391ef,True,0.999987471273113
1008,58bd51f1e4b0d23e37738473,True,0.9999876117494374
1009,58a0288de4b0314ab22f9786,True,0.9999875110496045
1010,58baeec9e4b0d23e37735f07,True,0.999999734355751
1011,58bcdc5ae4b0d23e377382d5,True,0.9999999232908434
1012,58bb9e22e4b0d23e37736aac,True,0.9999875065259494
1013,58bb5f1ce4b0d23e377367ba,True,0.9999920208945383
1014,58bd6104e4b0d23e37738507,True,0.9999999995030827
1015,58bb3b97e4b0d23e37736592,True,0.9999999680286064
1016,58bb459ce4b0d23e3773663d,True,0.9999874260367309
1017,58b3f958e4b0eec3bce006c6,True,0.9999961681398787
1018,58bc997be4b0d23e37737cdf,True,0.9999982543125692
1019,58b209bde4b0eec3bce00338,True,0.9999999879365041
1020,58badbc1e4b0d23e37735d48,True,0.9999908383348092
1021,58bb61d9e4b0d23e377367f3,True,0.999987513061489
1022,58bb259ae4b0d23e377363ba,True,0.9999875434400053
1023,58bb19b5e4b0d23e377362e4,True,0.9999886144287004
1024,58bdd64de4b0d23e37738ccb,True,0.9999938953917676
1025,58bc498be4b0d23e377372ec,True,0.9999903482459082
1026,58b9c7f4e4b0d23e37735745,True,0.999998195036516
1027,58bb5d8fe4b0d23e377367a5,True,0.9999968432436116
1028,58baeea7e4b0d23e37735f04,True,0.9999874045010041
1029,58bb396de4b0d23e37736563,True,0.999999049881503
1030,58bb1157e4b0d23e3773622d,True,0.9999875112673738
1031,58bb7beae4b0d23e377369a4,True,0.9999999971446628
1032,58bb9352e4b0d23e37736a6e,True,0.9999996072570614
1033,58bb210ee4b0d23e3773636c,True,0.9999972311550152
1034,58b3f93ae4b0eec3bce006c5,True,0.9999999667135633
1035,58bb251de4b0d23e377363ab,True,0.9999875128033101
1036,58c098e1e4b0d23e3773a617,True,0.9999873914307679
1037,58bc951de4b0d23e37737c49,True,0.9999995032194793
1038,58bce622e4b0d23e37738335,True,0.9999998956792092
1039,58bb7cb9e4b0d23e377369aa,True,0.999995964326937
1040,58bae101e4b0d23e37735dc9,True,0.9999999696766492
1041,58bb187ee4b0d23e377362c8,True,0.9999999434938831
1042,58854746e4b04c4484df0857,True,0.9999990146689856
1043,58bb7fd0e4b0d23e377369d0,True,0.9999875108969428
1044,58bb134be4b0d23e3773624f,True,0.9999910939535723
1045,58bd871fe4b0d23e37738718,True,0.9999875404813788
1046,5892b225e4b018a8bfc28869,True,0.9999986343039985
1047,58ba1358e4b0d23e37735a4c,True,0.9999998622753355
1048,58bb168de4b0d23e377362a1,True,0.9999982835529116
1049,58bb14cce4b0d23e3773627b,True,0.9999994866766714
1050,58bc7edee4b0d23e3773799d,True,0.9999999934469959
1051,58b82a03e4b0d23e377351b5,True,0.9999875057669202
1052,58b8143fe4b0d23e37735177,True,0.9999972382816775
1053,58ba59cbe4b0d23e37735bd1,True,0.9999999836231622
1054,58bb5c12e4b0d23e3773677b,True,0.9903311461118294
1055,58b3bf0de4b0eec3bce006a3,True,0.9999999527026397
1056,5884d320e4b04c4484df07da,True,0.9999951140210456
1057,58bc1866e4b0d23e37736ca5,True,0.999987475455179
1058,58baf71be4b0d23e37735ff3,True,0.9999958898450185
1059,58bb1659e4b0d23e3773629e,True,0.9999944770095213
1060,58bb0692e4b0d23e3773612c,True,0.9999999827153337
1061,58ba66b3e4b0d23e37735bd7,True,0.9999942271344641
1062,589c2998e4b05f998de96154,True,0.9999874939242899
1063,58964ad0e4b05f998de95a15,True,0.9999875664325827
1064,58bafc22e4b0d23e3773606d,True,0.9999906526288269
1065,58a5e971e4b0314ab22f9e67,True,0.9999875984176037
1066,58bb0777e4b0d23e3773613f,True,0.9999875407960787
1067,58baf2ade4b0d23e37735f7f,True,0.9999998590114816
1068,58a41ec8e4b0314ab22f9cad,True,0.9999996321707595
1069,58baf64ee4b0d23e37735fe4,True,0.999995519871323
1070,58bb69d1e4b0d23e37736872,True,0.9999875804478511
1071,58baeb2be4b0d23e37735eb3,True,0.9999992781631453
1072,5897908de4b05f998de95c05,True,0.9999991926224006
1073,58bc958be4b0d23e37737c61,True,0.999987493089384
1074,58baf29ce4b0d23e37735f7d,True,0.9999928116439386
1075,58be1734e4b0d23e377391ed,True,0.9999875200539144
1076,58978e04e4b05f998de95bff,True,0.9999988600426432
1077,58b9f59de4b0d23e37735919,True,0.9999960483020723
1078,58ba1a9de4b0d23e37735a99,True,0.9999972058997351
1079,58baefd8e4b0d23e37735f38,True,0.9999875010698046
1080,58b0a38de4b05f7a0519314a,True,0.9999999555870344
1081,588f77a7e4b090cf9c5a47cc,True,0.9999991504265169
1082,58b74a37e4b0d23e37734fdd,True,0.9999875051909425
1083,58af8511e4b068eafab0c887,True,0.9999876185789163
1084,58badef6e4b0d23e37735d9a,True,0.9999984969107174
1085,58baef58e4b0d23e37735f26,True,0.9999931735423849
1086,58baed84e4b0d23e37735ee4,True,0.9999968920913417
1087,58b9b6cde4b0d23e3773562b,True,0.9999999097667861
1088,58baf6c1e4b0d23e37735feb,True,0.9999889145234386
1089,58bada44e4b0d23e37735d16,True,0.999987527183054
1090,58bcd4e3e4b0d23e37738282,True,0.9999975152542437
1091,5896ab49e4b05f998de95afd,True,0.9999999546913961
1092,58bac419e4b0d23e37735c30,True,0.9999999979151282
1093,58b1dddae4b0eec3bce0028e,True,0.9999924789180762
1094,587685a3e4b0087d2c8a0709,True,0.9999999361954572
1095,58bae219e4b0d23e37735de8,True,0.9999875954547922
1096,58b9df36e4b0d23e3773585d,True,0.9999874624277113
1097,58b76bc3e4b0d23e3773504e,True,0.9999996100345022
1098,58af8dcce4b068eafab0c897,True,0.9999999974145318
1099,58afb231e4b068eafab0c8d4,True,0.9999999691906758
1100,58b72cb5e4b0d23e37734f66,True,0.9999874308170789
1101,58b81c1be4b0d23e3773518c,True,0.9999875277232071
1102,58adb6d5e4b068eafab0c671,True,0.9963895808972268
1103,587135b3e4b0e80f9e3c24f1,True,0.9999874792647218
1104,58bdfa84e4b0d23e37738fdf,True,0.9999961498861717
1105,58a023a3e4b0314ab22f977b,True,0.9999997442091321
1106,58bc7333e4b0d23e3773781b,True,0.9999875168822648
1107,58bae052e4b0d23e37735db2,True,0.9999875010551145
1108,58bb928fe4b0d23e37736a67,True,0.9999874511058437
1109,58bae1a3e4b0d23e37735dd6,True,0.999987529707407
1110,58bc9217e4b0d23e37737bfa,True,0.9999997841955496
1111,58b3545ce4b0eec3bce005b5,True,0.999994858424908
1112,58b660b7e4b0d23e37734dd7,True,0.9999875009982296
1113,58b4b739e4b0d23e37734a5b,True,0.9999997993744346
1114,58bae054e4b0d23e37735db3,True,0.9999961654822577
1115,58a3a207e4b0314ab22f9c43,True,0.9999874423132113
1116,58baeb33e4b0d23e37735eb4,True,0.9999992870185608
1117,58a83eb5e4b0fe09880451f7,True,0.9999875133401581
1118,58bb2308e4b0d23e37736388,True,0.9999956792678608
1119,58badbc8e4b0d23e37735d4c,True,0.9999992450816134
1120,58b5ff2de4b0d23e37734cbd,True,0.999987515753683
1121,58a71311e4b0fe09880450c3,True,0.9999875144646102
1122,58b9a94ae4b0d23e3773553f,True,0.999999780059844
1123,58b475dbe4b0eec3bce0085a,True,0.9999875105466092
1124,58cf6b96e4b06d16e3cd85df,True,0.9999996611428597
1125,58bae77de4b0d23e37735e74,True,0.9999923697549801
1126,58bad464e4b0d23e37735ca7,True,0.9999960566928144
1127,58a8d1afe4b0fe098804535c,True,0.9999990425147356
1128,58ba0099e4b0d23e37735988,True,0.9999894662167707
1129,58b9bcb3e4b0d23e3773569a,True,0.9999999918079664
1130,58b22a1fe4b0eec3bce00381,True,0.995622549818349
1131,58b769f2e4b0d23e37735049,True,0.9999997807121246
1132,58704d39e4b0e80f9e3c24cd,True,0.9999997638045859
1133,58bab926e4b0d23e37735c01,True,0.9999933317876147
1134,58b4ae49e4b0d23e37734a3d,True,0.9999879841040145
1135,58baa2f2e4b0d23e37735be8,True,0.9999999855535227
1136,58a0238ee4b0314ab22f977a,True,0.9999905414007275
1137,58b9ed5ae4b0d23e377358da,True,0.9999950250702676
1138,58b9ec11e4b0d23e377358c4,True,0.9999943864466292
1139,58a89fa3e4b0fe09880452c7,True,0.9999874694770884
1140,58b6f326e4b0d23e37734ee5,True,0.9999978151368282
1141,58b9b36ae4b0d23e377355fd,True,0.9999875109253629
1142,58bb1e62e4b0d23e3773633b,True,0.9999988817601335
1143,58bc8aace4b0d23e37737b22,True,0.9999875296625458
1144,5871c15de4b0e80f9e3c252a,True,0.9999976630278214
1145,58ba0c24e4b0d23e377359ec,True,0.9999875119087844
1146,58bb3317e4b0d23e377364ee,True,0.9999912990936257
1147,58a44989e4b0314ab22f9cc0,True,0.9999874445586991
1148,58ba1b24e4b0d23e37735a9f,True,0.9999875197150289
1149,58b7a449e4b0d23e3773510a,True,0.9999875152769769
1150,58ba0bdce4b0d23e377359ea,True,0.999987617253748
1151,58add176e4b068eafab0c689,True,0.9999875523177687
1152,58bac38ee4b0d23e37735c2a,True,0.9999874351497471
1153,58b50612e4b0d23e37734b59,True,0.9999999980102345
1154,58b8874de4b0d23e377352cd,True,0.9999875313111477
1155,58b9b010e4b0d23e377355b2,True,0.993039370678143
1156,58b50405e4b0d23e37734b4c,True,0.9999999730250461
1157,58b0b72ee4b05f7a0519318f,True,0.9999874237688312
1158,58b9b496e4b0d23e37735611,True,0.9999863157071388
1159,58af387ce4b068eafab0c7fb,True,0.9999994729819404
1160,58914831e4b090cf9c5a4953,True,0.9999874617347195
1161,58b73469e4b0d23e37734f83,True,0.999987460167181
1162,58b1d345e4b0eec3bce00274,True,0.9999883024704325
1163,58ba2b60e4b0d23e37735b08,True,0.9999993529346765
1164,58b8cf0fe4b0d23e377353f6,True,0.9999984182760359
1165,58ba34fce4b0d23e37735b32,True,0.9999874096245623
1166,58c5baeee4b06d16e3cd409f,True,0.9999978935073376
1167,58a88473e4b0fe098804528b,True,0.9999997385647799
1168,58a76eb4e4b0fe0988045154,True,0.9999995943841958
1169,58b4a01ae4b0d23e37734a11,True,0.9999874279698324
1170,58bccf78e4b0d23e377381fe,True,0.9999998722168474
1171,58af7c56e4b068eafab0c86c,True,0.9999875098576552
1172,58b9b181e4b0d23e377355ce,True,0.9999998545483672
1173,58bb5333e4b0d23e377366ed,True,0.999999609747436
1174,58a08975e4b0314ab22f97c3,True,0.999999949585581
1175,58bb41e4e4b0d23e37736603,True,0.9999995349103955
1176,58979b2be4b05f998de95c13,True,0.9999999925900761
1177,58ba0791e4b0d23e377359c7,True,0.9999874013934068
1178,58bb7ceee4b0d23e377369ac,True,0.999999722207986
1179,58bdf74ee4b0d23e37738f8a,True,0.9999999888681442
1180,58b079d5e4b05f7a051930e1,True,0.9999875429061007
1181,58bdf365e4b0d23e37738f41,True,0.9999874981593943
1182,58ab79fee4b08c6e1ec0a9be,True,0.9999875167544662
1183,58b726b3e4b0d23e37734f58,True,0.999999113877738
1184,58b22896e4b0eec3bce0037b,True,0.9999966588237038
1185,58ba03eae4b0d23e377359b8,True,0.9724091271464677
1186,58bc93a5e4b0d23e37737c1e,True,0.999992123307917
1187,58bb3af2e4b0d23e37736586,True,0.9999999934005711
1188,58951e23e4b05f998de95884,True,0.9999999767462965
1189,58b806eae4b0d23e37735165,True,0.9999918720245785
1190,58b99c73e4b0d23e37735511,True,0.999987538493661
1191,58b8f08be4b0d23e37735446,True,0.9999998454051621
1192,58797e74e4b0d1a74fe8d514,True,0.999999859262413
1193,58aa3199e4b0fe0988045537,True,0.9999997388362887
1194,58b9d883e4b0d23e37735828,True,0.999995235670693
1195,58b8d104e4b0d23e37735402,True,0.9999998990656563
1196,58bc486ee4b0d23e377372c6,True,0.9999874533294059
1197,58b82550e4b0d23e377351ad,True,0.9999999244341439
1198,58a76f17e4b0fe0988045156,True,0.999999947102969
1199,58bbbde0e4b0d23e37736af5,True,0.9999997431232969
1200,58a0a3cfe4b0314ab22f97f5,True,0.999998487707391
1201,58b9b91ae4b0d23e37735653,True,0.9999875292807031
1202,58a83e17e4b0fe09880451f5,True,0.9999943118886828
1203,58bc1c4fe4b0d23e37736d32,True,0.9999874935414583
1204,589a94d4e4b05f998de95fcd,True,0.9999963508147002
1205,58ac9fd7e4b08c6e1ec0ab3b,True,0.9999874541319974
1206,58ba1beee4b0d23e37735aa8,True,0.999987616030494
1207,58c1aa95e4b06d16e3cd1a9c,True,0.9999875144745481
1208,58b9c435e4b0d23e37735716,True,0.9999876096017716
1209,58baf646e4b0d23e37735fe3,True,0.9999919214777585
1210,58a84ac1e4b0fe0988045214,True,0.9999999964106295
1211,58c1ae33e4b06d16e3cd1abf,True,0.9999931692234575
1212,58b9cd9de4b0d23e37735795,True,0.9999999896815239
1213,58b4a7e6e4b0d23e37734a2c,True,0.9850799580236203
1214,58bc7e2ae4b0d23e37737987,True,0.9999907888998839
1215,58b9be7de4b0d23e377356bb,True,0.9999900618267594
1216,58b8ca86e4b0d23e377353dd,True,0.9999874927967723
1217,58b9b7c8e4b0d23e37735638,True,0.9999995315392611
1218,58759c5be4b0087d2c8a06d3,True,0.9999999999398111
1219,58aa12e8e4b0fe09880454f9,True,0.9999994609280495
1220,58b9f26ae4b0d23e3773590c,True,0.9999874942857183
1221,58b9b61ae4b0d23e37735627,True,0.9999959434994626
1222,58bda9a9e4b0d23e37738975,True,0.9999981736918103
1223,589fa25ae4b0314ab22f969b,True,0.9999920435938938
1224,58be1c40e4b0d23e37739239,True,0.9999992225467517
1225,58b65ec5e4b0d23e37734dd3,True,0.9999999983819812
1226,58b82af6e4b0d23e377351bd,True,0.999987505407225
1227,58bb5ba7e4b0d23e3773676e,True,0.9999987800391246
1228,58b71fe8e4b0d23e37734f3f,True,0.9999903652408368
1229,58a0deb9e4b0314ab22f9906,True,0.9999998985483458
1230,58b138c0e4b0eec3bce00169,True,0.9999990223876949
1231,58aa03bae4b0fe09880454d8,True,0.9999976426268314
1232,588d57b2e4b090cf9c5a4671,True,0.9999995372310251
1233,588a5720e4b090cf9c5a4479,True,0.9962676575637425
1234,58a7844be4b0fe0988045177,True,0.9999967344743603
1235,58bb3db0e4b0d23e377365b6,True,0.999997717900583
1236,58ba187ae4b0d23e37735a84,True,0.9999875281481413
1237,58b1ba33e4b0eec3bce00213,True,0.9999998919531742
1238,58b7e2fde4b0d23e37735131,True,0.9999998360299807
1239,58b9b95ee4b0d23e37735656,True,0.9999942285951814
1240,58b9bed7e4b0d23e377356c4,True,0.9999880572258755
1241,58ae3931e4b068eafab0c725,True,0.999999087010603
1242,58b2c10ee4b0eec3bce00420,True,0.9999999992418949
1243,58bd49dfe4b0d23e3773844e,True,0.9999875118019517
1244,58b4cc20e4b0d23e37734aaf,True,0.9999995546251665
1245,58b4f366e4b0d23e37734b38,True,0.9999875065579382
1246,58b6e2b4e4b0d23e37734ea5,True,0.999989357227027
1247,58b506a1e4b0d23e37734b5c,True,0.999987462438147
1248,58b8c668e4b0d23e377353ca,True,0.9999966012539088
1249,58b2e64fe4b0eec3bce0043b,True,0.9999982878180836
1250,58be413fe4b0d23e377393a7,True,0.9999875015565374
1251,586eca93e4b0e80f9e3c23d5,True,0.9999999858955961
1252,58a0c598e4b0314ab22f9845,True,0.9999998197073077
1253,58b99c34e4b0d23e3773550f,True,0.9999999914386087
1254,58a1dabee4b0314ab22f9a12,True,0.9999873937298199
1255,58b38e1be4b0eec3bce00660,True,0.9999985230534444
1256,58bd723de4b0d23e377385fb,True,0.9999986182836702
1257,589562ebe4b05f998de95901,True,0.9999999821896839
1258,5893a88be4b018a8bfc288e0,True,0.9999874318550788
1259,58b8d2c7e4b0d23e3773540c,True,0.9999875181208178
1260,58bad7b5e4b0d23e37735cdd,True,0.9999999329006897
1261,58b6ef56e4b0d23e37734edb,True,0.9999875488308724
1262,589bbe7ee4b05f998de96107,True,0.9999954953058371
1263,58b9ab91e4b0d23e3773555c,True,0.9999997396204118
1264,58977c2be4b05f998de95bd8,True,0.9999995373337848
1265,58afa741e4b068eafab0c8c4,True,0.9999988813701807
1266,58b9c326e4b0d23e37735702,True,0.9999968566582816
1267,58b0c39fe4b0eec3bce000fa,True,0.9999875317420422
1268,58a4ebf3e4b0314ab22f9db7,True,0.9999874998981242
1269,58ab8fcae4b08c6e1ec0a9e5,True,0.9999992928463188
1270,58ba1b4ce4b0d23e37735aa1,True,0.9999999427818728
1271,58b3101ce4b0eec3bce004a4,True,0.9999989331287071
1272,58bb713ae4b0d23e377368f4,True,0.999999993927293
1273,58a38b8be4b0314ab22f9c28,True,0.9999995877154462
1274,589b0debe4b05f998de96000,True,0.9999924548592772
1275,58b33d32e4b0eec3bce0055c,True,0.9999971206557794
1276,58b1c4f0e4b0eec3bce00245,True,0.9999969358294036
1277,58b18caae4b0eec3bce00192,True,0.9999875249091594
1278,58b64bdde4b0d23e37734dc2,True,0.9999984383875866
1279,58a243f7e4b0314ab22f9adc,True,0.9999997510822394
1280,58b2ebdee4b0eec3bce00448,True,0.9999999230313276
1281,58b1a4f8e4b0eec3bce001db,True,0.999995076015478
1282,58ac79b3e4b08c6e1ec0aaf7,True,0.9999999733005359
1283,58bbac41e4b0d23e37736ada,True,0.9999999829620124
1284,58aca6a1e4b08c6e1ec0ab42,True,0.9999990614419509
1285,58a8de80e4b0fe098804537f,True,0.9999875230688889
1286,58a0eed1e4b0314ab22f9931,True,0.9999876083866315
1287,58b63709e4b0d23e37734d92,True,0.9999990800169457
1288,58b78e4ce4b0d23e377350cc,True,0.9999975814153776
1289,58acf048e4b08c6e1ec0abff,True,0.999987515716181
1290,58b46c70e4b0eec3bce00840,True,0.9999999617392336
1291,589a76bae4b05f998de95f85,True,0.9999999842719054
1292,58b24f67e4b0eec3bce003d2,True,0.9999875252323042
1293,58bb1cdfe4b0d23e37736325,True,0.9999874197593861
1294,58b790d6e4b0d23e377350d0,True,0.9999992322367898
1295,58b7060ae4b0d23e37734f13,True,0.9999980760163137
1296,58bae260e4b0d23e37735df1,True,0.9999939068471486
1297,58771ec4e4b0087d2c8a07a8,True,0.9999874725339556
1298,58af7571e4b068eafab0c84c,True,0.999987526742995
1299,58bb476de4b0d23e3773665c,True,0.9999875123154509
1300,586acfeee4b09266b0cab3a1,True,0.9999998972660936
1301,58b6e6c9e4b0d23e37734eb2,True,0.9999994701305357
1302,58b46bcae4b0eec3bce0083e,True,0.9955661534645386
1303,5876e7f4e4b0087d2c8a0775,True,0.9999875096554839
1304,58952770e4b05f998de958a2,True,0.9999997845934667
1305,58bc36a9e4b0d23e37737097,True,0.9999947468779806
1306,58bb796ae4b0d23e3773697a,True,0.9999875303741709
1307,58b6c181e4b0d23e37734e1f,True,0.9999995740875643
1308,58b2d5e8e4b0eec3bce00430,True,0.9999999802355567
1309,589b5084e4b05f998de96070,True,0.9999965871599487
1310,58b1db58e4b0eec3bce00287,True,0.9999999146566725
1311,58b3570de4b0eec3bce005c6,True,0.9999874331252938
1312,58ae07b2e4b068eafab0c6e2,True,0.9999975274213144
1313,58b61f42e4b0d23e37734d4c,True,0.9999875179025429
1314,58b75515e4b0d23e3773500a,True,0.9999874711748237
1315,589e1b07e4b0314ab22f9462,True,0.999999939482178
1316,58a4e22de4b0314ab22f9dae,True,0.9999997964007505
1317,58912564e4b090cf9c5a492a,True,0.9999993398592485
1318,58b1c2cee4b0eec3bce00236,True,0.9999999343658585
1319,58b1c144e4b0eec3bce0022b,True,0.9999875344561442
1320,58c39f45e4b06d16e3cd2d93,True,0.9999998890867603
1321,5896618de4b05f998de95a6a,True,0.9999943669760991
1322,58ac6936e4b08c6e1ec0aac6,True,0.9999997461844483
1323,58b1c507e4b0eec3bce00247,True,0.9999984360746691
1324,587811e0e4b0d1a74fe8d438,True,0.9999894337133843
1325,587d817be4b068f9da392961,True,0.9999964307314146
1326,5877ac24e4b0d1a74fe8d3c1,True,0.999987508655184
1327,58b09d41e4b05f7a05193127,True,0.9999959937531984
1328,589d0be3e4b0314ab22f930f,True,0.9999999635808128
1329,58abc939e4b08c6e1ec0aa38,True,0.9999874064001559
1330,58a02ca0e4b0314ab22f9791,True,0.9999999872407069
1331,58819f78e4b04c4484df0658,True,0.9999875367621166
1332,58a0df71e4b0314ab22f990b,True,0.999999754645913
1333,588fd2f0e4b090cf9c5a483f,True,0.9999999998949305
1334,58ae70cae4b068eafab0c752,True,0.9999969142158951
1335,58bae216e4b0d23e37735de7,True,0.999987447955978
1336,58ab55e0e4b08c6e1ec0a953,True,0.9999971349319277
1337,58af384de4b068eafab0c7f8,True,0.9999946759627686
1338,5871c13de4b0e80f9e3c2528,True,0.9999940764566265
1339,589fe01ee4b0314ab22f9722,True,0.9999998413444603
1340,58ba0b74e4b0d23e377359e4,True,0.9999999791203965
1341,58a2864ee4b0314ab22f9b49,True,0.9999875008853211
1342,58960f78e4b05f998de95962,True,0.9999874750911626
1343,58b492cde4b0d23e377349f1,True,0.9999995039344702
1344,58b87543e4b0d23e37735282,True,0.999998810324445
1345,58b7266ce4b0d23e37734f56,True,0.999988276157062
1346,58ba6d83e4b0d23e37735bd9,True,0.9999875184229152
1347,58a0f97de4b0314ab22f994c,True,0.9999875412903559
1348,58ba469ae4b0d23e37735b6c,True,0.9999907217622744
1349,5887f5dfe4b05f73db0779c4,True,0.9999970244243548
1350,5899c20fe4b05f998de95e9a,True,0.999998525120803
1351,58ab7076e4b08c6e1ec0a993,True,0.999999123379825
1352,58ad2cebe4b08c6e1ec0ac5d,True,0.9999998662336841
1353,58aa16ace4b0fe0988045501,True,0.9999875289286497
1354,58ac9651e4b08c6e1ec0ab26,True,0.999999990498286
1355,589d050ce4b0314ab22f92fb,True,0.9999988346245446
1356,58b47355e4b0eec3bce00852,True,0.99999889290786
1357,587588b0e4b0087d2c8a06cc,True,0.9999995304825611
1358,58968286e4b05f998de95ac2,True,0.9999975232522161
1359,58b32f94e4b0eec3bce00502,True,0.9999979658659249
1360,5895272de4b05f998de9589f,True,0.9999987788514981
1361,58a5183be4b0314ab22f9deb,True,0.9999990614419041
1362,58a0b585e4b0314ab22f982a,True,0.9999875045000388
1363,58aa0a9ce4b0fe09880454e7,True,0.9999875412386061
1364,587bdffee4b0d1a74fe8d638,True,0.9999875387682805
1365,58b63d06e4b0d23e37734da9,True,0.9999999983484035
1366,58a06cabe4b0314ab22f97a3,True,0.9999982141395581
1367,58a6f342e4b0314ab22f9f96,True,0.9999996068767771
1368,58a00189e4b0314ab22f9764,True,0.9999987084124632
1369,586ff657e4b0e80f9e3c2459,True,0.9999989698053854
1370,58a88a15e4b0fe0988045296,True,0.9999987955467579
1371,58990365e4b05f998de95d98,True,0.9999934426937072
1372,58a679f4e4b0314ab22f9f7b,True,0.9999874814949498
1373,58aa6d80e4b0fe098804559a,True,0.9999994264584128
1374,58b465c8e4b0eec3bce00831,True,0.9999985728874806
1375,58b078efe4b05f7a051930dc,True,0.9999982973524425
1376,58797aece4b0d1a74fe8d508,True,0.9999999246496268
1377,5894e08be4b05f998de95835,True,0.9999897765056368
1378,589f588fe4b0314ab22f95f7,True,0.9999990285399323
1379,58a9ad21e4b0fe0988045415,True,0.9999999730791668
1380,58b4b0ebe4b0d23e37734a43,True,0.999998098866704
1381,58afaef6e4b068eafab0c8d2,True,0.9999964082634589
1382,589393fde4b018a8bfc288c4,True,0.9999874690817447
1383,5876f60fe4b0087d2c8a0792,True,0.9999875259533698
1384,586d7924e4b00ce8c12e99f1,True,0.9999903448144829
1385,58a116afe4b0314ab22f998f,True,0.9999982424724662
1386,58ac9c7be4b08c6e1ec0ab34,True,0.9999997689945098
1387,589a686fe4b05f998de95f69,True,0.9999999541091522
1388,58b333bbe4b0eec3bce00517,True,0.9999883483662005
1389,58b3334ee4b0eec3bce0050f,True,0.9999999963216062
1390,58b38ad0e4b0eec3bce00658,True,0.9999874591188055
1391,58a8ae16e4b0fe09880452de,True,0.9999991227658556
1392,589b0dd4e4b05f998de95fff,True,0.9999874259570138
1393,589d043ae4b0314ab22f92f8,True,0.9999875209010272
1394,58ac6fd1e4b08c6e1ec0aae0,True,0.9999875291466778
1395,58aa54d9e4b0fe0988045582,True,0.9890587371816699
1396,586ecbb2e4b0e80f9e3c23d6,True,0.9999874245192045
1397,589941a3e4b05f998de95e39,True,0.9999962610005741
1398,5897c887e4b05f998de95c7c,True,0.9999956278683579
1399,58a3275ae4b0314ab22f9ba5,True,0.9999875444349812
1400,589a7832e4b05f998de95f89,True,0.9999874737864142
1401,589d250fe4b0314ab22f934c,True,0.9999963198327522
1402,588d0c7de4b090cf9c5a4635,True,0.9999940560812913
1403,58b1be06e4b0eec3bce0021b,True,0.999987531756625
1404,58a861dde4b0fe098804524b,True,0.9999874248470617
1405,58a8b15ee4b0fe09880452e9,True,0.9999875185842991
1406,5897f81de4b05f998de95cc2,True,0.999987523603009
1407,589a4f6de4b05f998de95f38,True,0.9999930152817439
1408,589d0b70e4b0314ab22f930c,True,0.9999999960958698
1409,58a8c94fe4b0fe0988045331,True,0.9999874874465196
1410,5893a971e4b018a8bfc288e5,True,0.999999872634663
1411,5876dc5fe4b0087d2c8a0765,True,0.9999875388650828
1412,588264ece4b04c4484df0676,True,0.9999996854860436
1413,58b4ccd1e4b0d23e37734ab2,True,0.9999982387986901
1414,58950292e4b05f998de9585d,True,0.9999990970029403
1415,589d23e9e4b0314ab22f934a,True,0.999999893067704
1416,58b0cd76e4b0eec3bce00108,True,0.9999977983519308
1417,58a6fe10e4b0fe0988045099,True,0.9999984301025183
1418,58a86096e4b0fe0988045244,True,0.9999972058217009
1419,5894a9a1e4b05f998de957e4,True,0.9999969169436176
1420,58a0dd14e4b0314ab22f9904,True,0.9999978928134688
1421,588e5642e4b090cf9c5a46f3,True,0.999987454588007
1422,58953aa9e4b05f998de958c5,True,0.9999874469614912
1423,58ad1daee4b08c6e1ec0ac55,True,0.9999989375683785
1424,58a23d6ce4b0314ab22f9ad1,True,0.9999999500348109
1425,58b7f6d8e4b0d23e37735144,True,0.9999875099671606
1426,58953efbe4b05f998de958d0,True,0.9999998421063074
1427,588bf009e4b090cf9c5a459e,True,0.9999989038558316
1428,589667b8e4b05f998de95a7e,True,0.9999874523782271
1429,58b74154e4b0d23e37734fc7,True,0.9999999314024955
1430,58b41ae6e4b0eec3bce006f1,True,0.9999984554236268
1431,58924cf4e4b018a8bfc28801,True,0.9999993381564503
1432,58b33682e4b0eec3bce00526,True,0.9999875047492496
1433,588a632ae4b090cf9c5a4486,True,0.9999874991150098
1434,5897ddc0e4b05f998de95c9b,True,0.9999950332776817
1435,589a6110e4b05f998de95f55,True,0.9999999994455127
1436,588a1abde4b090cf9c5a4425,True,0.9999991600851109
1437,58694160e4b09266b0cab347,True,0.9999875034811375
1438,588c1176e4b090cf9c5a45b3,True,0.999987544692588
1439,588fb5b1e4b090cf9c5a4806,True,0.9999874490714422
1440,58ace740e4b08c6e1ec0abed,True,0.9999875399968127
1441,587ae0d1e4b0d1a74fe8d5e7,True,0.9999997340270538
1442,5884cceee4b04c4484df07d5,True,0.9999875276419168
1443,588e3685e4b090cf9c5a46c6,True,0.9999999515965748
1444,586ee1a9e4b0e80f9e3c23e5,True,0.9999874274333705
1445,58825f6ce4b04c4484df066c,True,0.9999964609066502
1446,58b1d788e4b0eec3bce0027b,True,0.9999948531309013
1447,58bccea4e4b0d23e377381f2,True,0.9999962466802359
1448,5890e295e4b090cf9c5a48dd,True,0.9999995818166455
1449,5899351ce4b05f998de95e27,True,0.9999989505385444
1450,589934a1e4b05f998de95e21,True,0.9999875220966797
1451,589ffb07e4b0314ab22f9753,True,0.9999999416293072
1452,588bdaa7e4b090cf9c5a4589,True,0.9999874878879043
1453,58a8f383e4b0fe098804539a,True,0.9999874931033246
1454,58a4f277e4b0314ab22f9dbf,True,0.9999991400698889
1455,588cc12be4b090cf9c5a45e1,True,0.9999981036356974
1456,589b2751e4b05f998de96011,True,0.9999874450774717
1457,587cc87ce4b0d1a74fe8d6a1,True,0.9999882465034052
1458,58b7f637e4b0d23e37735140,True,0.992182274416976
1459,58829c23e4b04c4484df06a3,True,0.9999874341253948
1460,58b4c6b1e4b0d23e37734a9a,True,0.9999999734762243
1461,58a11e6de4b0314ab22f999a,True,0.9999963355464142
1462,58a10c34e4b0314ab22f997f,True,0.9999948776626187
1463,588b94c7e4b090cf9c5a4539,True,0.9999993011009446
1464,587eb977e4b03e3ebfd77e61,True,0.9999950879086614
1465,588e5bafe4b090cf9c5a46fc,True,0.9999998815111997
1466,587959ace4b0d1a74fe8d4e8,True,0.9999920419352777
1467,589a60a9e4b05f998de95f54,True,0.9999875352727379
1468,5872bbe2e4b0e80f9e3c2579,True,0.9999998561815133
1469,588a8d98e4b090cf9c5a4495,True,0.9999875378614247
1470,58b9cbd5e4b0d23e37735784,True,0.9999970651369461
1471,58b624bde4b0d23e37734d63,True,0.9999995772581447
1472,58964420e4b05f998de95a05,True,0.9999964816759281
1473,588befb8e4b090cf9c5a459d,True,0.9999876713838118
1474,58bb61e5e4b0d23e377367f5,True,0.9999973349803862
1475,5878fda3e4b0d1a74fe8d49d,True,0.99999942348911
1476,58b330cde4b0eec3bce00507,True,0.9999875042445071
1477,587fa06fe4b03e3ebfd77ee3,True,0.9999906082243107
1478,5885558ae4b04c4484df0864,True,0.9924324913858674
1479,588ba4b3e4b090cf9c5a454a,True,0.9999828157717904
1480,58ab93cfe4b08c6e1ec0a9eb,True,0.9999993391342858
1481,5898e58be4b05f998de95d74,True,0.999987474031424
1482,588abcfae4b090cf9c5a44b6,True,0.9999961963099273
1483,58b9c449e4b0d23e37735719,True,0.9999995021815035
1484,587c3906e4b0d1a74fe8d67a,True,0.9999995179614515
1485,58ab9884e4b08c6e1ec0a9f5,True,0.9999997515781508
1486,58802ef6e4b03e3ebfd77f31,True,0.9999943411070037
1487,587be586e4b0d1a74fe8d63c,True,0.9999964492752198
1488,58a10ac6e4b0314ab22f997e,True,0.9999875441648842
1489,587d67f2e4b068f9da39293c,True,0.999999872131095
1490,5885376be4b04c4484df083f,True,0.9999875568091428
1491,587bc56ce4b0d1a74fe8d62c,True,0.9999875082425195
1492,588d3325e4b090cf9c5a464e,True,0.9999972480002768
1493,58b350c1e4b0eec3bce005a7,True,0.9999833277061968
1494,5872d4f6e4b0e80f9e3c257f,True,0.9999988335101923
1495,589292cce4b018a8bfc28849,True,0.9999875113353537
1496,587a57abe4b0d1a74fe8d574,True,0.9999999974326154
1497,5872a451e4b0e80f9e3c255b,True,0.9999874274704101
1498,5883a9b8e4b04c4484df071a,True,0.9999999183055779
1499,587ced3ae4b0d1a74fe8d6da,True,0.9999957877727677
